category,loud_mean,loud_std,pause_ratio,pitch_mean,pitch_std,syllables_per_sec,spectral_centroid,spectral_rolloff,words_per_minute,zcr_mean,mfcc_1,mfcc_2,mfcc_3,mfcc_4,mfcc_5,mfcc_6,mfcc_7,mfcc_8,mfcc_9,mfcc_10,mfcc_11,mfcc_12,mfcc_13,spectral_bandwidth,spectral_flux,chroma_mean,file,File Name,speech_pace,pausing_fluency,loudness_control,pitch__variation,articulation_clarity,expressive_emphasis,filler_words,overall,strengths,areas_for_improvement
Informative,0.058551233,0.07518595,0.4089003431,1407.3585,1014.5365,4.416152642,4035.090042,5335.657051,177.3583884,0.151318313,-412.73087,65.27368,-1.3047426,4.3274055,-4.424483,-4.7077556,-12.42341,-16.618635,-6.161702,-9.071879,-4.622205,-0.75195116,-1.7746159,1677.216022,0.94476503,0.32123125,i1.mp3,i1.mp3,3,4,4,2,3,2,5,3,Speech is mostly clear. No unnecessary pauses.,Too restricted and rigid
Informative,0.045444332,0.056802757,0.3931045795,1525.5225,1075.8364,4.587077854,2999.200738,4576.025404,172.1405217,0.09353311642,-447.1878,49.671967,-2.2520442,5.7278705,-4.2169485,0.42569628,-11.280773,-10.09762,-8.239148,-6.5114565,-7.2364016,-5.389012,-4.164217,1873.663546,0.9162534,0.32023403,i10.mp3,i10.mp3,4,4,3,4,4,4,4,4,Articulation,Volume control
Informative,0.013568477,0.020839684,0.6036764842,1840.3522,1186.2699,4.175158813,4236.700641,5911.578537,111.815412,0.1164210142,-525.99194,32.05354,-5.0330987,11.213982,-4.6553025,-3.194614,-9.697128,-5.1272635,-7.9454894,-7.457439,-5.944115,-6.1648607,-3.0992296,2004.006974,0.801017,0.30713537,i11.mp3,i11.mp3,3,3,3,3,2,2,4,3,No unnecessary pauses,Lacks expressive tone
Informative,0.012776742,0.02375787,0.6544673086,1726.1304,1131.6221,4.040877355,4554.601898,6126.027636,148.2235616,0.1786905112,-557.2666,26.096048,-10.376691,13.409354,-13.323899,-0.88640743,-4.1408005,-13.975668,-4.331159,-6.0827274,-6.156586,-2.7023797,-3.974992,1966.586556,0.64372385,0.28761694,i12.mp3,i12.mp3,4,4,4,4,3,4,4,4,Expressive speaker,
Informative,0.025008418,0.03498154,0.4603663533,1701.1558,1099.508,4.288838404,5124.639617,7030.378678,150.9096224,0.1972622054,-476.79538,37.03179,-8.765612,8.399008,-7.5814366,-1.4638652,-16.84966,-8.028883,-9.755993,-8.870133,-4.290373,-6.532194,-2.2874649,2237.848658,0.80355406,0.284314,i13.mp3,i13.mp3,4,3,4,4,4,5,5,4,Effective emphasis on content highlights,
Informative,0.024444602,0.034314923,0.4961195443,1650.2417,1086.6952,4.481696551,4552.580644,6394.434591,194.6675242,0.1735859295,-461.43472,42.380463,-6.4601855,0.50555634,-9.455944,0.32616413,-16.408123,-10.9323635,-11.504055,-8.671407,-2.1173387,-5.424599,-2.106277,2132.006662,0.8043711,0.28909802,i14.mp3,i14.mp3,2,3,3,4,3,3,4,3,Natural and spontaneous,Too fast on certain points
Informative,0.007205318,0.0130757885,0.7100622168,1636.4767,1060.7878,4.402664402,4258.403662,5799.933998,189.2235662,0.1683561259,-577.3248,46.037167,-9.993128,0.04068908,-1.2844429,-4.4298153,-14.136722,-15.8728,-9.177149,-10.684659,-5.1470504,-2.4471667,-5.3870645,1849.048374,0.6921183,0.27721626,i15.mp3,i15.mp3,4,4,3,3,4,3,4,3,Pacing is easy to follow,Intonation variation
Informative,0.034988757,0.04179192,0.3798233728,1794.4003,1126.1259,4.236129367,4917.444096,6606.719287,213.6648993,0.1893894566,-464.34598,47.599266,-11.663556,7.8948693,-6.4962754,1.8171968,-18.48016,-10.152564,-11.008237,-12.856522,-7.984368,-7.7347693,-2.0780675,2014.745784,0.8943274,0.30009732,i16.mp3,i16.mp3,4,4,4,4,4,5,4,4,Natural and spontaneous,
Informative,0.059193473,0.057141777,0.2805205915,1608.2885,1136.2721,4.892001711,3131.973429,4395.747732,151.2281559,0.1120100839,-442.41464,58.472652,5.9408555,18.757133,-3.3570538,6.962872,-7.082207,-6.2098885,-5.169566,-4.0699663,-6.1022787,-5.768447,-3.9456425,1444.557237,1.0577387,0.3338768,i17.mp3,i17.mp3,5,4,4,5,5,4,5,4,Articulate and sustained pacing,
Informative,0.016217733,0.026169658,0.6349558398,1428.7068,1066.703,4.197648453,2713.502504,4069.191637,140.4105732,0.09838991436,-464.2817,33.88023,4.3520875,3.5882778,-3.5278928,1.5723865,-6.8881693,-6.769012,-9.980749,-8.115401,-6.77222,-3.9148893,-3.8366156,1582.996525,0.64724207,0.36240694,i2.1.mp3,i2.1,4,4,5,3,4,2,5,5,Speech is mostly clear. No unnecessary pauses.,Too restricted and rigid
Informative,0.0069968607,0.01310646,0.7918341372,1519.212,1101.1965,4.06488253,2813.480579,4100.311473,169.9807514,0.1120446917,-524.76416,32.38239,0.697252,2.9545312,-4.142143,0.043875374,-3.507425,-5.4269795,-4.932889,-3.414126,-3.269191,-1.9014465,-1.687719,1548.152087,0.5693498,0.3614454,i2.10.mp3,i2.10,2,1,2,3,2,3,2,2,"Passionate topic, strong emotional connection.","Slow down, improve articulation, project."
Informative,0.0040791724,0.00816384,0.7609011148,1737.455,1161.0068,4.289878847,3130.127258,4602.065746,169.095092,0.1279490777,-582.4412,34.49097,-1.0683382,7.75863,0.8158583,-0.62422633,-7.3653197,-4.903698,-6.2211237,-8.784724,-8.069034,-3.627848,-3.2508452,1658.438303,0.6262489,0.33665606,i2.11.mp3,i2.11,3,2,3,3,4,4,5,3,"High clarity, no verbal fillers.","Eliminate halting pauses, improve flow."
Informative,0.0077852416,0.012447559,0.6228985012,1644.2035,1122.6241,4.677983149,3275.639787,4790.245873,180.3944184,0.1293610284,-542.52496,37.554195,-0.0939511,2.3090906,-6.221877,-0.073321894,-10.987018,-7.271661,-7.8143487,-5.881411,-4.8228664,0.07165974,-2.7970433,1690.212172,0.7539728,0.3035729,i2.12.mp3,i2.12,3,4,4,3,4,2,5,4,"Masterful voice control, flawless fluency.",Must use more audience interaction techniques
Informative,0.038192682,0.055118952,0.471365034,1533.6664,1167.5237,4.613582176,2036.819181,2915.227407,183.7392799,0.07599532966,-445.98132,49.68781,-1.3212274,7.0027223,-7.105573,-13.557345,-7.0472126,-9.271753,-13.658203,-8.788525,0.033120725,-1.8217824,-4.6450267,1018.408841,0.8073905,0.2870534,i2.13.mp3,i2.13,3,4,3,4,4,4,5,4,"Zero fillers,expressive, highly engaging","Increase volume, control faster pace."
Informative,0.032428823,0.042522885,0.4265101574,1570.334,1113.4928,4.426575323,2049.70837,2862.08012,156.6103809,0.08013018337,-471.31937,56.917156,-0.73792046,6.621624,-0.7170381,-3.0585055,-10.344878,-16.711535,-12.265694,-9.731643,-3.407138,-3.1807516,-6.645397,933.4551997,0.854595,0.31058323,i2.14.mp3,i2.14,3,3,3,3,3,2,4,3,"Strong personal conviction, relevant topic","Increase volume, improve fluency, slow down"
Informative,0.029202646,0.041045833,0.5126324835,1652.619,1114.2411,4.32514524,2575.391769,3674.725523,174.0914136,0.09708764452,-431.85678,47.64351,-3.8633761,10.91601,2.427173,0.66811424,-1.8514576,-4.8735294,-4.901849,-9.978517,-7.544299,-6.956903,-7.4405184,1212.423108,0.7248326,0.3284544,i2.15.mp3,i2.15,3,4,4,5,5,5,4,4,"Exceptional pitch variation, strong storytelling","Reduce stumbles, smoothen transitions to facts"
Informative,0.036997747,0.04665359,0.4114924938,1643.7372,1099.6356,4.409583208,2602.808929,3683.188292,167.5955468,0.09203680799,-437.34512,47.14317,-9.472725,8.903419,-1.9350246,-5.533493,-12.548066,-9.609807,-6.272975,-11.669293,-6.1685348,-6.9826746,-7.6799765,1190.719408,0.85650593,0.307444,i2.16.mp3,i2.16,3,4,3,4,4,4,5,4,"Highly prepared, flawless, excellent clarity","Increase projection, vary pace. (4 words)"
Informative,0.02868461,0.03723402,0.4301353707,1608.4756,1169.081,4.538071215,2133.668998,3079.260744,198.3501492,0.07945978981,-456.2141,51.921852,6.142997,17.010626,0.6614971,-0.068161525,-2.5929983,-9.91367,-8.079442,-10.885855,-9.114708,-8.384828,-7.4247947,1087.808936,0.75386035,0.33344984,i2.17.mp3,i2.17,4,5,4,4,5,4,5,5,"Highly fluent, professional, zero fillers.",Slightly reduce pace for difficult concepts.
Informative,0.0068164486,0.012150307,0.7060473588,1619.0166,1061.0126,4.424308402,3558.672823,4856.735483,188.833248,0.1485107306,-587.5606,44.98153,-11.100666,0.72312564,-2.7040772,-5.344555,-16.142782,-15.332422,-9.975279,-11.179094,-4.1868453,-3.7510781,-5.4565907,1491.922667,0.7600093,0.27721444,i2.18.mp3,i2.18,3,2,3,2,4,2,4,2,"Clear articulation, dramatic opening topic.","Eliminate long pauses, increase pitch."
Informative,0.0087937275,0.017502852,0.8024845982,1730.4196,1179.666,4.099341086,3403.916731,4821.758168,186.8319892,0.1383751842,-470.70966,26.061745,-7.3343782,0.31388593,0.52235854,-7.05763,-9.802231,-6.445091,-7.5501194,-9.323787,-2.148937,-0.3031622,-3.0619469,1584.084724,0.49337652,0.278138,i2.19.mp3,i2.19,1,4,3,2,4,3,1,3,"Masterful voice control, flawless fluency.","Slow down, speak clearly, project."
Informative,0.009868092,0.016607927,0.6089620835,1825.3105,1143.0422,4.19660062,4404.552924,6039.6367,193.4065013,0.1897996571,-519.30536,37.371864,-16.007442,2.0530386,-5.495175,-4.9701467,-8.134129,-10.1760435,-6.29586,-11.989813,-5.8436046,-1.2867866,-7.401757,1940.461038,0.72250557,0.28597826,i2.2.mp3,i2.2,4,3,4,4,5,3,5,4,"Excellent articulation, no fillers.","Increase energy, vary pitch range."
Informative,0.022838436,0.030802112,0.4395824483,1678.318,1138.301,4.338789487,3383.164783,4935.374872,169.9969086,0.1367552581,-489.11978,36.594532,-5.908973,4.0017724,-12.953415,-4.8721104,-17.578726,-7.3668346,-13.300451,-8.68549,-3.771252,-4.349215,-2.0509946,1725.258598,0.8773094,0.30154726,i2.20.mp3,i2.20,3,2,3,3,3,3,3,3,"Creative, engaging opening, good topic.","Slow down, increase projection, improve fluency"
Informative,0.041367464,0.04841652,0.3694796954,1756.3444,1139.1501,4.246522545,3110.866924,4573.003089,212.8180025,0.1242184495,-450.2811,45.620434,-11.707255,7.7141247,-6.6363263,1.1067187,-20.496061,-8.249597,-13.380273,-11.375283,-8.706304,-6.290203,-3.080221,1642.393985,0.9803776,0.3429473,i2.21.mp3,i2.21,3,2,4,4,3,4,2,3,"High energy, strong vocal projection.","Slow down, eliminate verbal fillers, improve fluency."
Informative,0.023397975,0.03209842,0.4870511841,1628.4209,1096.8322,4.55339238,3560.306845,5194.770724,191.8741644,0.143787666,-467.4979,40.014206,-6.099247,0.8535757,-9.98987,0.029995922,-17.722994,-9.696101,-12.899162,-6.5752788,-3.134937,-4.959942,-1.9593393,1793.583554,0.8759474,0.30610567,i2.22.mp3,i2.22,2,2,4,4,2,3,2,2,"Excellent energy, strong vocal tone.","Slow down dramatically, improve clarity."
Informative,0.004580891,0.008277546,0.7567585788,1646.7087,1160.941,4.294155926,3272.192466,4838.046283,184.4832099,0.1267557848,-627.4879,49.80469,4.4857554,8.412828,2.9919305,2.0814724,-10.637318,-6.542701,-9.747509,-7.91013,-9.866145,-5.8994117,-3.89249,1874.664894,0.835845,0.3545005,i2.23.mp3,i2.23,3,3,3,4,4,4,4,3,"Excellent use of pitch, good emphasis","Increase volume, improve opening fluency."
Informative,0.0059022387,0.010199495,0.6764772779,1521.359,1085.6425,4.251198725,3115.978193,4672.72075,144.5799382,0.1188709581,-574.2208,34.78277,0.92554784,6.376989,-3.6623561,0.94556785,-9.533009,-4.2456884,-8.506989,-5.575464,-4.9526634,-4.0846095,-4.0577946,1759.992119,0.73376,0.37220344,i2.24.mp3,i2.24,3,4,5,5,4,5,5,5,"Highly resonant, authoritative, excellent pitch.",Slightly slow pace in transitions
Informative,0.0055630626,0.008377532,0.5885865125,1374.0216,1011.8027,4.271182771,2906.090507,4270.617524,158.6671318,0.1111501846,-594.1407,49.954662,2.1199577,-0.555282,-4.1572037,-0.52134055,-14.193508,-12.525367,-9.272777,-7.0553837,-7.8572564,-6.401628,-3.8242078,1658.572557,0.7800252,0.3325513,i2.25.mp3,i2.25,4,4,4,4,4,4,4,4,"High energy, enthusiastic, clear pitch.","Eliminate restarts, slightly slow pace."
Informative,0.0039672162,0.00761029,0.7416126977,1589.7397,1119.243,3.945886888,3055.011774,4323.531933,124.2748616,0.1239725967,-639.8619,41.608154,1.7595809,5.920862,-0.9111679,1.2347839,-12.311147,-8.352169,-7.208005,-5.6301875,-4.6235185,-4.01492,-1.7497993,1515.914659,0.6753425,0.36314535,i2.26.mp3,i2.26,3,2,3,4,3,4,4,3,"Good dramatic tone, strong emotional effort.","Improve fluency, increase pace and volume."
Informative,0.003916944,0.0081282435,0.7899858783,1613.8568,1085.5435,4.365606724,3417.13394,4945.153146,167.379107,0.1369555233,-608.11884,37.210045,-2.024814,2.3187068,-2.7065425,-1.4045479,-12.845099,-8.182745,-7.260762,-6.1139784,-5.1038055,-3.020381,-1.2225026,1748.062998,0.71024126,0.33154684,i2.27.mp3,i2.27,3,3,3,4,3,4,2,3,"Personal, emotional, excellent pitch.","Increase volume, eliminate fillers and stumbles"
Informative,0.003430054,0.0057524643,0.6913773796,1576.2032,1091.0609,4.863658533,3226.209144,4761.182846,214.7050847,0.1252094684,-647.38837,48.301525,0.41501194,3.2711716,-2.1157296,0.4506828,-17.168795,-9.90978,-10.057016,-7.5396457,-6.3421483,-2.9974802,-3.715416,1689.442507,0.8934635,0.31245518,i2.28.mp3,i2.28,4,3,5,4,4,5,4,4,"Passionate, authoritative tone, excellent projection","Improve fluency, eliminate self-corrections."
Informative,0.027921824,0.038581323,0.4454386896,1655.4257,1119.0192,4.274962143,3344.334037,4899.45236,151.4688649,0.134471601,-469.79874,34.314423,-7.498111,8.730269,-7.6496944,-1.477022,-17.784655,-6.2618365,-11.805114,-7.4346657,-6.036446,-5.6096683,-3.3650432,1718.985578,0.8665847,0.32684544,i2.29.mp3,i2.29,3,3,3,4,3,4,3,3,"Genuine emotion, good topic connection.","Increase volume, improve fluency and pace."
Informative,0.019421225,0.029374769,0.5347603088,1783.18,1041.609,4.172796218,3495.124385,4801.311635,173.210409,0.1451537853,-492.08908,35.79171,-24.011587,-3.540651,-13.769049,-7.747537,-11.393586,-13.225335,-6.5708637,-5.979243,-1.6215816,1.4604012,-1.5959457,1588.417953,0.7367806,0.293252,i2.3.mp3,i2.3,3,4,4,4,5,4,5,4,"Flawless articulation, highly engaging presenc","Modulate pitch, control pace consistency"
Informative,0.027077382,0.03550042,0.4420331734,1757.7198,1138.7417,4.271048554,3475.002557,5130.422689,166.2124839,0.1406427919,-465.94485,37.262634,-14.318534,6.736577,-6.819385,-7.875956,-18.019957,-6.234523,-12.51379,-7.6708903,-2.9360747,-4.7803197,-3.399869,1819.670544,0.88494426,0.32356283,i2.30.mp3,i2.30,3,3,4,4,3,4,3,3,"Very enthusiastic, great pitch range.","Slow down, reduce ""um/uh"" and stumbles."
Informative,0.006589125,0.0123432,0.7578854626,1587.1646,1173.6752,4.234547081,3169.799956,4843.558597,195.9426624,0.1154665922,-553.3779,35.655247,5.758141,9.534894,-3.9185872,-1.0602024,-6.538167,-6.6151986,-11.892249,-7.469159,-7.55123,-4.8363204,-3.2383919,1902.371939,0.6842408,0.34665436,i2.31.mp3,i2.31,4,3,5,5,4,5,4,4,"High projection, energetic, excellent pitch","Improve transitions, eliminate minor stumbles."
Informative,0.00414663,0.008808571,0.8290336374,1648.5176,1149.9935,4.459484627,3665.463749,5309.26155,149.7134619,0.1414440911,-591.5714,36.566483,3.956937,5.446085,-4.574675,-1.9291623,-11.32113,-7.910819,-9.738034,-5.4841,-4.304863,-2.6160579,-2.5902019,1910.808492,0.665329,0.3064147,i2.32.mp3,i2.32,3,2,3,4,3,4,4,3,"Sincere, appropriate dramatic tone.","Increase pace, eliminate stumbles and pauses."
Informative,0.0045084693,0.009021311,0.822461451,1644.817,1186.1581,4.718851591,3345.673318,4875.008707,177.1864508,0.1282841672,-517.0858,23.718393,5.359641,5.5200744,-6.2014036,-2.4437983,-7.1435556,-7.227639,-7.024636,-4.1952934,-4.3614683,-3.3058834,-2.533301,1779.008702,0.52208316,0.31434295,i2.33.mp3,i2.33,3,3,3,4,3,3,2,3,"Enthusiastic, good subject knowledge","Increase volume, eliminate fillers and stumbles."
Informative,0.006982684,0.012913322,0.7568706931,1658.7615,1128.1733,4.748302594,3308.786975,4822.806455,197.7528375,0.1273355206,-556.71875,39.27493,2.7913377,3.164724,-4.6073985,-3.5195415,-14.126733,-8.261948,-8.716256,-7.5972404,-7.2646704,-4.5084696,-3.5787215,1729.192934,0.704636,0.30899996,i2.34.mp3,i2.34,3,3,3,4,2,4,4,3,"Passionate, strong use of statistics","Slow down, improve articulation and volume."
Informative,0.00474063,0.009182202,0.7346548601,1649.5131,1171.2681,4.203503126,3175.531415,4776.443622,159.8197889,0.1177576664,-604.8787,37.265816,-0.29369834,9.211661,-5.237126,-4.9370985,-12.082769,-5.1795006,-11.794083,-7.174352,-5.402521,-5.1576114,-3.5335932,1852.062535,0.7783105,0.34928128,i2.35.mp3,i2.35,2,3,3,2,3,3,4,3,"Clear organization, minimal verbal fillers.","Slow down, vary pitch, increase volume."
Informative,0.0041527175,0.01095902,0.8644750795,1639.6624,1169.7792,4.241180905,3186.710542,4612.300832,203.5036121,0.1257329828,-563.678,27.07361,6.160696,7.7374353,-3.1986635,0.8486571,-4.246498,-5.1434355,-7.8123846,-6.4431777,-5.17784,-2.996802,-3.0244336,1660.589721,0.51794565,0.3439868,i2.36.mp3,i2.36,3,3,3,4,3,4,3,3,"Passionate, strong use of vocal inflection.","Increase volume, reduce fillers and stumbles."
Informative,0.0058403993,0.008481594,0.6245438259,1437.7666,1045.2076,4.377794066,2230.688738,3293.495667,164.4244586,0.08680402387,-599.7319,53.61117,7.1755395,8.1722,-0.18744616,1.4454722,-9.193273,-6.5680633,-4.4627047,-4.966233,-1.3407595,-1.4028939,-2.145078,1248.907182,0.75239736,0.3396482,i2.37.mp3,i2.37,3,3,4,4,4,3,4,3," Passionate, good vocal range.","Increase volume, reduce stumbles and pace"
Informative,0.007826738,0.011281729,0.6217273861,1470.9639,1059.3219,4.608505171,2436.440429,3534.239402,169.8435498,0.09659409413,-550.4569,48.49202,12.045174,7.210848,-3.1457763,4.6682496,-6.4659615,-8.048129,-6.1240797,-4.825118,-2.0938237,-3.0949202,-2.2604885,1366.106175,0.7160375,0.31941816,i2.38.mp3,i2.38,4,4,4,5,4,5,4,5,"Highly controlled, expressive, and authoritative.",Maintain control during emotional sections.
Informative,0.008709245,0.014069251,0.646710375,1370.8658,1023.1287,4.106516078,2317.844544,3526.654102,185.1647418,0.08892715383,-556.82025,46.11365,4.7415266,8.993756,1.0085684,1.5109874,-7.437572,-6.6700726,-6.5966597,-3.089465,1.404228,-0.6313664,-2.746296,1371.580816,0.70555973,0.36727718,i2.39.mp3,i2.39,3,3,5,4,3,4,4,3,"High energy, but needs pacing and fluency control","Slow down pace, articulate clearly, breathe"
Informative,0.015305765,0.021283016,0.4835300893,1760.4304,1011.82916,4.479005453,3739.354467,4972.610623,182.7315181,0.1628043509,-516.7188,41.913757,-20.663351,-6.637999,-15.0313225,-5.0250993,-14.333309,-18.753672,-5.9331098,-8.547829,-1.7579128,3.268005,-2.0098493,1541.864049,0.76903516,0.26889035,i2.4.mp3,i2.4,3,3,3,3,5,3,5,3,"Excellent articulation, strong opening hook.","Control pace, improve breath management"
Informative,0.006692704,0.012570178,0.7323305986,1369.342,1041.9224,4.4283415,2287.955358,3501.300398,202.8871354,0.08899240684,-544.6083,44.14046,10.113427,8.655672,-0.62555003,0.39338836,-5.298889,-5.7491207,-5.253025,-4.2897835,-2.399733,-3.60374,-3.357795,1359.607117,0.6311809,0.33437097,i2.40.mp3,i2.40,3,3,3,3,4,3,2,3,"Enthusiastic, strong articulation.","Slow down, eliminate fillers, increase volume"
Informative,0.04662007,0.045766048,0.2949030502,1526.2314,1084.0713,4.460954996,2903.371317,4145.08636,190.7442826,0.1191367079,-456.13712,73.77838,5.711117,1.9320135,-6.0305653,0.22230874,-16.901827,-13.291376,-6.8376865,-8.628678,-1.7117769,-3.567335,-2.0812726,1463.45875,0.9947527,0.30004877,i2.5.mp3,i2.5,2,1,2,2,3,2,3,2,"Strong personal connection, informative content.","Improve fluency, increase volume and pace"
Informative,0.046612073,0.053742576,0.374144324,1517.6317,1126.6974,4.495808525,3935.333919,5227.071631,178.9110687,0.1705999921,-440.55838,68.14237,3.5441022,16.889738,1.1906154,2.9338772,-5.59442,-10.966476,-9.77292,-12.802989,-8.110114,-5.481418,-1.8048766,1518.412321,1.0693804,0.3176326,i2.6.mp3,i2.6,2,1,3,4,4,3,2,2,"Strong emotional impact, appropriate tone.","Improve fluency, eliminate all pauses."
Informative,0.0119428765,0.022034643,0.6420289855,1696.6199,1144.8658,4.075849975,4102.339851,5582.66017,148.7511059,0.176498968,-559.5737,23.234697,-8.990793,12.348318,-14.276885,0.6754331,-6.8152413,-12.6238785,-4.077826,-6.651488,-5.9308786,-2.4557717,-5.264816,1862.754652,0.681272,0.29132494,i2.7.mp3,i2.7,3,3,3,4,4,4,5,3,"High energy, zero filler words.","Control volume, smooth out transitions."
Informative,0.041367464,0.04841652,0.3694796954,1756.3444,1139.1501,4.246522545,3110.866924,4573.003089,212.8180025,0.1242184495,-450.2811,45.620434,-11.707255,7.7141247,-6.6363263,1.1067187,-20.496061,-8.249597,-13.380273,-11.375283,-8.706304,-6.290203,-3.080221,1642.393985,0.9803776,0.3429473,i2.8.mp3,i2.8,3,2,3,3,4,4,3,3,"Vivid imagery, engaging opening/closing.","Eliminate long pauses,reduce filler"
Informative,0.023397975,0.03209842,0.4870511841,1628.4209,1096.8322,4.55339238,3560.306845,5194.770724,191.8741644,0.143787666,-467.4979,40.014206,-6.099247,0.8535757,-9.98987,0.029995922,-17.722994,-9.696101,-12.899162,-6.5752788,-3.134937,-4.959942,-1.9593393,1793.583554,0.8759474,0.30610567,i2.9.mp3,i2.9,2,1,2,2,2,2,2,2,"Good, relevant, surprising supporting research","Slow down, speak clearly, project."
Informative,0.019742494,0.030064207,0.5304857421,1684.2327,1080.3188,3.914078096,4425.512032,6016.988565,148.1114862,0.1695968232,-483.39044,42.811928,-16.061075,2.3053231,-15.245426,-10.145907,-8.011324,-15.213386,-5.806481,-8.096911,-8.768718,-0.395442,-1.430713,1907.398019,0.6871153,0.28045598,i2.mp3,i2.mp3,4,3,3,4,3,4,3,4,Sounds natural and spontaneous,Speaker is sometimes subtly catching his breath
Informative,0.010955356,0.014870399,0.4630665221,1692.5643,1084.2563,4.488076554,4521.759339,6151.832094,183.1062356,0.1689333561,-546.9742,44.07575,-12.496951,3.5387487,-3.9334254,-5.3467526,-18.10262,-9.982418,-12.12632,-9.694945,-2.1481066,-4.8680253,-5.6662083,1952.375084,0.82568574,0.28931117,i3.mp3,i3.mp3,4,4,3,3,3,3,4,3,Sustained pacing,Intonation may enhance expression
Informative,0.05886196,0.053856667,0.2820221232,1497.3124,1046.3131,4.501535948,2354.82058,3369.02546,183.580554,0.08727918517,-435.58798,75.97078,-1.6679927,1.3533309,-5.5030084,-0.7016707,-16.99281,-21.107708,-6.3380446,-6.59513,-1.6983428,-3.2064202,-1.9265342,1143.914222,0.9652596,0.31277317,i4.mp3,i4.mp3,3,3,3,3,3,2,4,3,Clearly articulated words,Monotonous
Informative,0.022133708,0.034303475,0.5530658809,1630.9893,1051.9563,4.2648352,4609.679842,5904.627897,181.9054091,0.1845796438,-454.6547,40.568787,-8.342541,6.5069847,-3.0106156,-0.7393894,-2.188784,-12.588486,-7.948484,-8.382962,-8.905668,-5.481633,-6.6307073,1627.125096,0.67472136,0.2934365,i5.mp3,i5.mp3,4,4,4,3,3,2,4,3,Appropriate pacing,Ocassional jitters of some words
Informative,0.037396032,0.05147722,0.462813259,1680.0708,1163.2864,4.012169243,2799.928622,3819.572157,150.3810557,0.1019703857,-450.0871,65.50585,4.466738,2.5454466,10.473774,-5.5983877,-12.107036,-6.984409,-9.984535,-11.664941,-7.134011,-5.4026093,-4.104652,1069.527926,0.70016277,0.323873,i6.mp3,i6.mp3,4,4,4,4,4,3,5,4,Sustained pacing; effective pausing,
Informative,0.035782598,0.056836016,0.5667427175,1578.2026,1143.3607,4.413195431,3583.958464,4999.136647,167.8112415,0.1365205349,-427.57898,48.778065,-3.5226276,2.0582986,3.9529686,-6.9985027,-16.963419,-8.800989,-6.875101,-12.541118,-5.1728377,-1.8485985,-3.6443603,1824.366671,0.71023667,0.28824666,i7.mp3,i7.mp3,3,3,3,3,3,2,4,3,Appropriate pacing and volume,Intonation variation
Informative,0.028355643,0.037983127,0.4580484899,1797.1534,1124.1133,4.239182097,4949.175326,6896.651306,165.0368603,0.1898472712,-458.17996,39.288544,-14.85501,5.7928276,-5.580684,-7.387172,-17.58738,-7.2011924,-10.633896,-9.691242,-1.9507939,-4.704613,-2.993147,2241.959933,0.81038797,0.29235792,i8.mp3,i8.mp3,5,4,4,4,4,4,5,4,Effective pausing and appropriate intonation,
Informative,0.028355643,0.037983127,0.4580484899,1797.1534,1124.1133,4.239182097,4949.175326,6896.651306,31.06576193,0.1898472712,-458.17996,39.288544,-14.85501,5.7928276,-5.580684,-7.387172,-17.58738,-7.2011924,-10.633896,-9.691242,-1.9507939,-4.704613,-2.993147,2241.959933,0.81038797,0.29235792,i9.mp3,i9.mp3,4,4,3,3,3,3,4,4,Good volume control,Spontaneity
Motivational,0.021501824,0.039061572,0.6465569753,1485.682,1120.3458,4.122847534,2988.307063,4365.668208,210.1390146,0.1053133479,-468.29794,49.64585,2.3715467,3.962353,3.5899386,-1.6394155,-9.359485,-8.796465,-8.541719,-9.328823,-6.7338805,-3.5933168,-3.1976464,1692.021897,0.6968302,0.3587789,m1.mp3,m1.mp3,4,4,4,2,3,3,2,3,Naturally delivered,Pausing variations and emphasis
Motivational,0.023155753,0.030340882,0.49828893,1649.8373,1115.9698,4.546962984,3196.44068,4834.302463,168.7860968,0.1078748951,-478.49533,45.97891,2.280641,10.850229,-0.51677734,5.9753933,-9.1705,-3.589057,-7.0216804,-7.4556823,-5.352499,-4.992886,-2.6619272,1944.443229,0.83998287,0.31853053,m10.mp3,m10.mp3,4,3,3,4,3,3,2,3,Naturally delivered,Articulation and emphasis
Motivational,0.046205096,0.062701546,0.5346992555,1658.855,1145.0734,3.293569925,2420.663275,3904.38037,93.56913112,0.07524270219,-437.58185,38.97831,1.5413494,18.643522,-2.0132575,11.422588,-4.4587026,-5.3038845,-5.302603,-1.3237855,-5.272109,-6.4130607,-1.8368468,1675.206654,0.780858,0.4100047,m11.mp3,m11.mp3,4,5,3,4,5,5,5,4,Clear and easy to follow,
Motivational,0.032564797,0.050257694,0.5438356803,1648.6046,1083.289,3.525995913,3790.884768,5055.948758,88.18898869,0.1399894037,-473.06604,52.390198,-7.8302298,7.282084,5.3798895,1.4332254,-7.57564,-7.0953865,-3.8156354,-7.102632,-3.1925242,-5.234138,-5.436228,1573.004889,0.63922036,0.29238355,m13.mp3,m13.mp3,4,5,4,3,3,4,4,4,Pausing ,Articulation of some phrases
Motivational,0.028901277,0.04773071,0.5150603086,1738.9125,1073.6427,4.143142797,2962.462846,4291.408108,156.0645717,0.105385628,-476.0015,44.46302,2.4803097,15.553138,12.506631,15.810791,0.36526263,-3.4870675,-2.4970782,-3.0219445,-2.9607282,-4.155659,-2.7128594,1668.468703,0.7371981,0.36728793,m14.mp3,m14.mp3,5,4,4,4,5,4,5,4,Appropriate pacing,
Motivational,0.03594654,0.03679137,0.299192734,1610.5,1133.3773,4.925081813,2699.43771,4071.519805,231.932294,0.09229422881,-463.56952,63.872223,7.130821,18.323277,0.6421404,11.880711,-1.4771161,-3.9569101,-12.462857,-12.658956,-7.5790744,-8.815389,-7.871536,1771.451137,1.096962,0.34559163,m15.mp3,m15.mp3,4,3,3,4,3,3,3,4,Easy to follow,Pausing and articulation of some words
Motivational,0.032762587,0.04516837,0.5021514882,1478.7747,1069.5952,4.161800374,2380.655011,3680.914865,182.5549046,0.08180124151,-463.35474,61.557484,-1.3836645,0.3288358,-6.0313573,-5.2613444,-10.095813,-10.043278,-8.697193,-7.985427,-6.0981083,-5.9070463,-2.6444304,1604.957092,0.88053703,0.337652,m16.mp3,m16.mp3,3,4,3,4,3,4,3,3,Expression is evident,Articulation and proper pacing
Motivational,0.0730206,0.066056766,0.2546080955,1443.028,1020.3454,4.443182891,1874.842846,2865.016678,231.1636016,0.06170738854,-421.50534,95.859116,6.052395,3.9129596,1.0217191,1.2146223,-13.501023,-16.537567,-12.910771,-10.484317,-9.598667,-6.738976,-2.7149584,1360.056802,1.0428519,0.31265852,m17.mp3,m17.mp3,3,3,3,3,3,4,3,2,Expression is evident,Loudness control and pacing
Motivational,0.039523963,0.04863237,0.4620863154,1770.5999,1167.2537,3.838349092,3232.434998,4881.393654,131.8487391,0.1112905056,-471.6453,51.694996,-6.5292215,27.999372,3.273286,5.0342073,-10.48402,-8.216926,-4.403144,-1.2651025,-3.3292441,-4.0455656,-1.9547634,1925.12199,1.0254153,0.35094047,m18.mp3,m18.mp3,4,4,4,4,4,4,3,4,Clear conviction,Pausing is predictable
Motivational,0.028047396,0.036463678,0.4511823136,1648.3385,1132.61,4.313048038,3781.755582,5365.777825,157.4969591,0.1322973132,-467.1788,50.901283,4.0650225,15.111454,3.2418056,7.7015376,-3.280395,-4.8019924,-6.814994,-7.37595,-5.87687,-6.8680873,-2.3364618,1839.641354,0.8173941,0.33679682,m19.mp3,m19.mp3,4,3,3,3,3,3,2,3,Naturally delivered,Proper pausing
Motivational,0.01611008,0.028473262,0.6528277277,1629.0208,1060.7592,3.826039716,4414.069204,5932.34331,144.9099511,0.1638766027,-487.01956,43.23534,-3.434523,2.3698003,-2.8027475,0.78655845,-3.7404344,-6.9510946,-9.9974165,-8.838286,-3.0965366,-2.8073094,-3.3815446,1919.83103,0.6273868,0.32368124,m2.1.mp3,m2.1,4,4,5,5,4,5,4,5,Expert comedic timing and projection.,Slightly inconsistent articulation when casual.
Motivational,0.04825992,0.06294583,0.4958228277,1833.6139,1235.5045,3.978177628,4441.451623,5929.853447,113.9892094,0.1549662678,-426.64017,41.92081,-12.53877,16.772264,3.6320934,-13.096483,-8.864378,0.6527818,-5.8332047,-5.7211304,2.0704036,-5.6528134,-3.4704466,1714.052084,0.82030934,0.28968775,m2.11.mp3,m2.11,3,2,3,3,3,3,4,3,"Sincere, creative opening, good content.","Increase volume, slow down, improve fluency."
Motivational,0.009219957,0.016321024,0.7737499389,1728.498,1124.1602,4.046720426,2787.820754,4216.281574,155.3179903,0.09068587419,-489.0824,19.991974,-8.562067,2.4057453,-4.5794787,-2.520442,-4.8446403,-0.13265626,-2.545769,-2.9034324,-0.7468835,-1.8418896,-1.0357627,1618.80531,0.6244291,0.3702503,m2.12.mp3,m2.12,3,3,4,4,5,3,5,4,"Exceptional clarity, high energy, and passion.","Slow pace, soften volume, vary pitch more."
Motivational,0.021797976,0.028735196,0.4662720674,1718.6141,1153.0286,4.089304146,4264.966635,5629.989569,142.3882296,0.1307307476,-498.87762,48.811,-4.1748657,10.264764,-0.63658386,-3.821706,-12.357272,-8.6577015,-6.1522145,-10.68167,-5.4114985,-2.7486277,-5.087866,1571.375956,0.84317327,0.29700273,m2.14.mp3,m2.14,5,5,5,4,5,5,5,5,"Impeccable pacing, purposeful pauses, professional delivery.","Infuse more vocal warmth, vary pitch range."
Motivational,0.020934265,0.039520778,0.644457052,1505.0122,1079.6881,4.161759362,4471.282419,5916.313409,174.5425884,0.161377667,-472.55145,47.382538,1.6450567,3.0093603,5.9678097,5.2928586,-6.757442,-7.240812,-3.6208484,-5.450862,-6.984437,-5.0647755,-3.32553,1741.820594,0.70364124,0.3437086,m2.15.mp3,m2.15,5,5,4,5,5,5,5,5,"Masterful use of voice, silence, and emotional control.","Virtually none; a powerful, polished performance."
Motivational,0.024481509,0.034992114,0.5690013433,1698.4976,1116.5433,4.459944108,3985.910297,5533.156479,175.0649257,0.1557621764,-442.813,46.488785,0.058394227,6.5104012,2.4607527,2.6368084,-5.1530848,-2.3855755,-5.8098774,-7.9402437,-5.3425293,-5.31376,-1.8270348,1886.888509,0.7724969,0.33307618,m2.16.mp3,m2.16,5,5,4,4,5,5,5,5,"Smooth, intimate, emotionally resonant voice.",Could use more dynamic vocal range.
Motivational,0.047182195,0.060801983,0.3907604966,1601.7743,1142.3953,4.914121719,2912.47036,4339.844839,223.2714679,0.1129440878,-422.52597,57.610477,-0.23510948,7.5978584,0.75795954,2.039847,-8.369038,-3.6793973,-11.221918,-11.854034,-10.258572,-6.377185,-5.8373117,1591.255211,1.0728531,0.35085937,m2.17.mp3,m2.17,2,2,4,4,4,3,4,3,"High energy, strong projection, clear articulation.","Dramatically slow pace, add rhetorical silence, vary volume."
Motivational,0.06274354,0.061804127,0.270994582,1615.0254,1134.7848,5.183301991,3369.025025,5084.773136,191.498842,0.1248432228,-415.5854,70.13384,7.303729,17.576015,3.3559537,14.525811,-7.339857,2.6303442,-8.0679655,-4.4267473,-8.538345,-4.04991,-0.91976976,1915.52438,1.3966863,0.39257586,m2.18.mp3,m2.18,2,3,5,3,5,3,5,3,"Exceptional clarity, strong volume, zero filler words.","Slow down pace, sound less mechanical, vary pitch naturally."
Motivational,0.023095705,0.030364936,0.5290228597,1764.9933,1116.923,3.962070768,4212.811461,6083.444152,142.1712604,0.1351239915,-474.41626,49.060863,-8.066745,3.2494707,1.2038883,4.7355537,-9.773634,-5.868145,-8.263113,-8.799178,-8.117346,-1.2261,-1.8974082,2070.879874,0.92864907,0.3246802,m2.19.mp3,m2.19,4,4,4,4,4,4,5,4,"Highly fluent, energetic, and clear speaker.",Slightly more vocal dynamic range.
Motivational,0.025836919,0.042114496,0.5603006173,1473.5402,1161.9377,3.788874691,2148.842781,3204.360614,157.2525436,0.07376110688,-470.56418,49.29628,0.17465365,11.831801,-1.0947059,-4.1086793,-3.1500075,-4.7649884,-9.086483,-7.65508,-4.181908,-3.4933953,-0.17860815,1363.104175,0.7661791,0.36625227,m2.2.mp3,m2.2,5,5,5,5,5,5,5,5,"Highly professional, strong, and dynamic","Virtually none, masterful delivery."
Motivational,0.041271787,0.06903735,0.5955307263,1646.6526,1064.5159,3.283406589,4498.022231,6546.557941,125.6752177,0.1916263625,-439.41632,50.229725,0.1951196,0.69819236,8.577818,8.460214,-5.1599193,-6.9847918,-8.8805,-8.618859,-2.807009,-1.7137752,-2.203038,2408.496825,0.633313,0.35102564,m2.21.mp3,m2.21,2,2,3,3,4,3,3,3,"High authenticity, good clear articulation, intimate tone.","Increase pace, eliminate frequent pauses, strengthen volume control."
Motivational,0.035841525,0.05216411,0.4892818864,1779.2885,1183.5734,3.94659993,3566.848412,5342.02256,189.713751,0.1028871248,-471.68076,40.20469,-4.5314593,22.435076,-1.9608558,6.8596797,-7.008769,-0.83653736,-0.88668054,-6.1442995,-4.190792,-3.2367058,-3.2065585,1980.183393,1.0068198,0.359057,m2.22.mp3,m2.22,5,4,5,5,4,5,5,5,"High energy, strong conviction, excellent emphasis.",Slightly slow pace for clearer articulation.
Motivational,0.017169636,0.02808522,0.6134177918,1622.6842,1193.7135,4.034239831,2163.44253,3102.854029,191.8752962,0.07488302832,-489.43307,49.706875,5.840709,10.464966,3.6633582,0.64193726,0.58561856,-8.673776,-7.4549446,-6.705239,-6.59755,-3.351874,-4.2975526,1023.696443,0.6716809,0.33188003,m2.23.mp3,m2.23,4,3,4,3,4,4,3,4,"Thoughtful delivery, high conviction, excellent analysis.",Minimize reflective pauses and subtle fillers.
Motivational,0.02759661,0.045954924,0.5586524479,1448.5219,1169.2719,3.653233686,3754.126173,5078.616653,177.8602914,0.144187075,-502.496,58.772964,18.919916,13.826045,-3.287182,5.4826665,5.1245003,2.2821705,-14.117958,-9.196547,-2.504663,-4.9203453,-2.482532,1752.863687,0.8087024,0.31256968,m2.24.mp3,m2.24,4,4,4,3,5,4,5,4,"Clear articulation, strong conviction, effective phrasing.",Slightly more pitch variation for interest.
Motivational,0.014073849,0.029662125,0.7102213638,1708.2584,1178.5789,3.634187899,3797.844808,5363.043928,126.3008259,0.1586098387,-526.4985,35.93509,6.867048,9.784273,1.5600402,6.32595,1.5784314,-2.9953303,-5.707466,-5.6467447,-5.2994328,-4.176213,-3.505651,1998.532591,0.5419914,0.35160443,m2.25.mp3,m2.25,4,3,4,3,4,4,3,4,"Deep sincerity, deliberate pacing, strong presence.","Minimize verbal fillers, project volume slightly."
Motivational,0.014550545,0.031977136,0.764484889,1654.6484,1116.7405,3.214340223,2411.001914,3572.602689,126.8477887,0.0832824223,-482.79376,28.13724,5.1769614,9.662944,1.4200131,6.288201,-0.26858464,-1.5167435,-1.5252608,-1.958228,-2.207807,-0.576515,-0.9133406,1467.385312,0.54024464,0.3065035,m2.26.mp3,m2.26,4,5,5,3,5,4,5,4,"Highly disciplined, clear, and authoritative.",Increase pitch range to vary tone.
Motivational,0.03210457,0.048220556,0.5321350763,1576.9835,1087.2959,3.479402829,2668.847087,3805.390187,86.32046569,0.09675888861,-464.07098,50.14228,-6.812306,7.317586,4.8669806,0.13859977,-9.1625595,-6.043419,-4.2917786,-6.389065,-3.033648,-6.123674,-5.29024,1382.629119,0.6695791,0.2945886,m2.27.mp3,m2.27,5,5,5,4,5,5,5,5,"Powerful authority, intentional, dramatic pausing, clarity.",Slightly increase vocal range for variety.
Motivational,0.032484286,0.05186451,0.4993534483,1693.49,1081.4852,4.269514413,2794.100867,4071.023491,155.9300916,0.1061871263,-464.7455,44.210182,3.9576044,17.050497,13.600311,15.953987,-0.8187799,-2.627866,-2.8938508,-2.9070807,-3.5667136,-4.2131863,-2.2049727,1596.03578,0.7927677,0.36161134,m2.28.mp3,m2.28,5,5,5,5,5,5,5,5,"Relentless pace, high energy, perfect articulation.",Slightly less intense tone for broader appeal.
Motivational,0.031533122,0.044532213,0.4812861518,1764.514,1076.063,3.743949233,2945.138631,4094.808632,170.5658281,0.1248391085,-456.21194,60.33734,-23.120277,-6.483369,-2.3285372,-5.5107517,-11.923466,-9.731656,-4.549537,-7.766047,-6.466145,0.009906,2.050138,1356.073679,0.8132513,0.28661942,m2.29.mp3,m2.29,4,3,5,4,4,4,3,4,"Excellent volume control, high emotional sincerity.","More consistent pace, fewer verbal fillers."
Motivational,0.0394685,0.052078087,0.4697265536,1736.2865,1203.47,3.637546507,4822.110059,6179.591514,156.0838138,0.1878295776,-448.48416,54.54062,-5.7467003,14.018141,6.0146165,-1.4928343,-7.6405954,-4.3514214,-3.581334,-12.112468,-5.670915,-0.16249214,-2.2966938,1714.045056,0.76647776,0.34074956,m2.3.mp3,m2.3,5,5,5,5,5,5,5,5,"Masterful control, pace, and dramatic pause","Virtually none, outstanding motivational delivery"
Motivational,0.020630902,0.033516087,0.5971237195,1684.099,1141.7483,4.267612755,1614.748603,2309.434444,142.7062555,0.06128786588,-485.62476,56.7466,-3.2443833,-5.4989142,8.056781,-2.8739905,-10.912074,-5.4458704,-6.6709223,-9.85061,-6.0253515,-5.4084244,-6.600556,776.7819096,0.7160201,0.30260023,m2.30.mp3,m2.30,5,4,4,3,5,4,5,4,"Clear, very sincere, high conviction delivery",Increase pitch variation to add interest.
Motivational,0.04621033,0.062112115,0.4720376176,1432.7856,995.6939,3.499314263,3001.321408,4429.929721,181.7699353,0.1152556805,-432.055,61.976906,-2.7812893,-8.56256,-9.0469475,-3.47204,-13.669993,-4.6547384,-5.8928614,-2.888809,-6.1150103,-0.7165287,1.405578,2465.822369,0.8263325,0.30244565,m2.31.mp3,m2.31,5,5,5,5,5,5,5,5,"Masterful rhythm, expressive pitch, powerful emotion.",Maintain consistent energy from the start.
Motivational,0.025337655,0.050900485,0.6723568028,1334.954,1032.0435,3.644004945,3304.924803,4553.706456,178.7452873,0.09709310711,-446.06808,43.079136,7.4763045,8.210986,2.9798305,3.4921198,-1.0707858,-5.5268283,-4.5982227,-4.2846518,-5.472044,-4.553479,-3.2623615,1684.778988,0.5648566,0.3586946,m2.4.mp3,m2.4,4,5,4,5,4,5,4,5,"Exceptional pace, energy, and engagement.",Sustain more consistent crisp articulation
Motivational,0.04241798,0.06877525,0.5921970263,1758.0261,1183.2594,3.233129053,7135.741268,8282.452151,80.54669812,0.2840392966,-449.57452,39.532345,1.2833849,12.007259,5.7228208,3.79874,-1.804671,-0.27132946,-5.2653875,-5.828564,-4.2777314,-2.5415556,-3.624924,1422.237633,0.54195195,0.27045587,m2.5.mp3,m2.5,5,5,3,4,3,5,5,5,Exceptional use of silence and pace.,"Volume is reserved, accent impacts clarity"
Motivational,0.0501042,0.057263758,0.4024548918,1595.4285,1139.2399,3.896221371,3818.809657,5572.575716,168.3269494,0.1339602229,-438.0927,50.904896,-2.5893736,20.601027,-6.797457,6.161697,-10.818738,-9.584497,-8.746753,-9.596767,-6.498603,-4.136455,-1.5377423,2182.816376,1.0361984,0.32696146,m2.6.mp3,m2.6,4,4,4,4,4,5,4,5,"Authoritative, excellent pacing and emphasis.",Eliminate minor speech stumbles.
Motivational,0.046176016,0.052056123,0.4137565055,1754.7391,1226.6854,3.846161923,2928.638869,4540.515629,169.3372256,0.07352843658,-448.91898,49.03497,-11.188453,19.630651,-0.59800804,-11.516959,-9.724083,-4.7902226,-13.744957,-13.766792,-5.285074,-3.633068,-10.232864,1966.224231,0.99355257,0.31092748,m2.7.mp3,m2.7,4,4,5,5,3,5,4,4,"Explosive energy, commanding volume, great pitch.","Slightly fast, needs clearer articulation."
Motivational,0.013943316,0.028551515,0.731630291,1679.3843,1158.8264,3.627679717,4602.786114,5994.667115,145.1071887,0.1803956645,-494.73654,42.49963,4.368932,7.8869557,4.9630237,1.2107556,0.8278631,-0.754809,-1.3759849,-1.477723,-1.1238588,-1.2139591,-0.8964193,1884.819729,0.5316046,0.3872586,m2.8.mp3,m2.8,5,5,5,5,3,5,5,5,Extreme emotional intensity and control.,Articulation is deliberately abrasive.
Motivational,0.005138805,0.0086022625,0.8896126088,1433.7782,1027.7742,3.952718808,4003.325804,5334.769745,154.273441,0.1380467424,-461.19473,21.846342,2.7195396,-1.7872505,-5.244137,-3.4481122,-5.1322446,-6.033772,-3.5101063,-2.734701,-1.2106135,-0.0902271,-0.22390811,1762.543896,0.3512875,0.30802923,m2.9.mp3,m2.9,3,3,4,4,3,4,2,3,"High energy, strong projection, excellent topic.","Slow down, improve fluency, eliminate choppy"
Motivational,0.025836919,0.042114496,0.5603006173,1473.5402,1161.9377,3.788874691,2148.842781,3204.360614,157.2525436,0.07376110688,-470.56418,49.29628,0.17465365,11.831801,-1.0947059,-4.1086793,-3.1500075,-4.7649884,-9.086483,-7.65508,-4.181908,-3.4933953,-0.17860815,1363.104175,0.7661791,0.36625227,m2.mp3,m2.mp3,4,4,4,4,4,3,4,3,Clear conviction,Pausing and junctures
Motivational,0.03127582,0.053798072,0.6291861553,1576.3008,1157.4824,3.758742473,3260.962354,5143.469583,161.2270887,0.1220838549,-419.9818,39.668163,8.447964,10.429913,1.3548713,5.2221675,-3.273907,-0.41991922,-1.5759106,-1.899993,-2.5954976,-1.5030528,-0.90726984,2173.621523,0.7063252,0.37040138,m20.mp3,m20.mp3,4,4,4,4,3,4,4,4,Naturally delivered,Articulation
Motivational,0.008160833,0.012808631,0.5574375787,1749.6396,1149.5984,3.493858548,5328.243769,6631.481958,145.9539706,0.197440535,-578.0478,44.621384,-1.3476323,6.4703927,4.2752132,-1.0825592,-8.35334,-5.5513124,-6.3083405,-7.1177645,-5.602109,-3.6013548,-3.2694325,1699.473198,0.6834955,0.29898512,m21.mp3,m21.mp3,4,3,4,4,3,4,4,4,Easy to follow and expressive,Some words aren't properly articulated
Motivational,0.039584797,0.05222929,0.4693738219,1739.5721,1204.0469,3.621012205,4821.333672,6164.568147,156.0838138,0.1878381314,-448.19135,54.55859,-5.7478576,14.01248,6.0575724,-1.484138,-7.6922464,-4.3470783,-3.5346842,-12.118124,-5.7243195,-0.15070073,-2.2639365,1703.029735,0.76676136,0.34228724,m24.mp3,m24.mp3,4,4,4,3,4,4,5,4,Clear conviction,Intonation variation
Motivational,0.04844661,0.055304658,0.3655196788,1541.1046,1122.4537,4.559267014,3157.330834,4645.431894,186.7040587,0.1022375032,-435.77026,53.64835,4.9115734,18.144617,-1.4375292,5.9515114,-8.265297,-11.705245,-5.3226876,-7.4515276,-8.958232,-8.173027,-3.3452415,1907.469397,0.97526425,0.36177596,m25.mp3,m25.mp3,5,4,4,4,4,5,5,4,Natural and clear delivery,
Motivational,0.024295287,0.038070895,0.532484199,1755.5729,1159.1508,4.146671834,3610.81433,5524.458076,155.7146768,0.09593075127,-490.6671,34.32234,-16.891682,5.006215,-3.9512503,-4.8525233,-12.218408,-7.2707953,-7.7103996,-9.682636,-6.758105,-3.901938,-4.253546,2237.3388,0.89548355,0.33903286,m3.mp3,m3.mp3,3,3,3,3,3,4,4,3,Pacing is easy to follow,Pausing is too structured
Motivational,0.03016767,0.052458957,0.5835041401,1768.507,1104.588,3.849551528,4059.541276,5569.126609,107.8744383,0.1333755791,-458.15295,35.275806,-8.389223,-0.3123856,-4.3887305,0.59608245,-8.893881,-4.6115203,-3.4820347,-5.8274846,-5.15097,-3.694877,-3.644394,1932.972762,0.6622627,0.2989643,m4.mp3,m4.mp3,3,3,3,4,3,4,4,3,Expression is evident,Delivery sounds explicitly memorized
Motivational,0.03016767,0.052458957,0.5835041401,1768.507,1104.588,3.849551528,4059.541276,5569.126609,107.8744383,0.1333755791,-458.15295,35.275806,-8.389223,-0.3123856,-4.3887305,0.59608245,-8.893881,-4.6115203,-3.4820347,-5.8274846,-5.15097,-3.694877,-3.644394,1932.972762,0.6622627,0.2989643,m5.mp3,m5.mp3,5,5,4,4,4,4,4,4,Pausing is effective,
Motivational,0.024306655,0.032654934,0.5374849882,1773.4502,1105.8552,3.908985388,4710.9844,6499.882171,147.6727813,0.1400201214,-470.4709,52.510487,-8.182005,3.0947435,0.6418959,5.2657776,-8.531885,-6.4607744,-6.6314816,-8.64413,-8.234224,-2.9354532,-0.25228634,2024.750351,0.868773,0.32266158,m6.mp3,m6.mp3,5,4,4,4,4,4,2,4,Pacing and pausing variation,
Motivational,0.028480722,0.039240506,0.4753779836,1635.964,1077.307,4.221154384,3413.996617,4929.932956,148.0283101,0.1168637709,-468.55402,58.811443,-2.041357,3.7632945,1.086581,3.3822427,-5.974039,-3.2156513,-5.8096485,-6.539402,-5.6041956,-3.4034927,-3.410277,1743.889334,0.89622813,0.34784737,m7.mp3,m7.mp3,5,5,4,4,4,4,2,4,Naturally delivered,
Motivational,0.028047396,0.036463678,0.4511823136,1648.3385,1132.61,4.313048038,3781.755582,5365.777825,157.4969591,0.1322973132,-467.1788,50.901283,4.0650225,15.111454,3.2418056,7.7015376,-3.280395,-4.8019924,-6.814994,-7.37595,-5.87687,-6.8680873,-2.3364618,1839.641354,0.8173941,0.33679682,m8.mp3,m8.mp3,4,3,3,3,3,3,2,3,Naturally delivered,Proper pausing
Motivational,0.022582592,0.036063693,0.5562026712,1443.7377,1043.793,4.263715692,4396.872096,5726.83107,158.5584261,0.1511771255,-485.018,52.77247,8.312187,1.2356161,-4.8029017,1.7446976,-5.661057,-9.374525,-6.856918,-5.061482,-5.944847,-4.5603347,-3.0056171,1584.566696,0.7330813,0.3157732,m9.mp3,m9.mp3,4,4,3,4,3,3,2,3,Pacing is easy to follow,
Persuasive,0.038248844,0.064785525,0.576527034,1790.667,1123.5923,3.561322727,5161.974761,6565.149878,149.3730149,0.1489588051,-434.3597,40.388542,-5.5727534,2.7295618,-2.7134132,-2.1431782,-8.725839,-7.1730165,-7.410289,-7.2100263,-5.6480684,-4.2176905,-3.7971103,1759.546964,0.7473928,0.28247136,p1.mp3,p1.mp3,5,4,3,4,4,5,3,4,Natural and spontaneous,Loudness variation
Persuasive,0.014500416,0.026917482,0.6997682548,1602.179,1119.9569,4.418010609,3736.88472,5151.161184,168.3799268,0.1436207661,-471.83212,40.816277,2.549959,1.5659734,-1.6347739,-4.722642,-8.807547,-8.6324625,-9.952657,-9.41556,-6.1841173,-4.2050524,-3.100501,1829.02568,0.53751993,0.28808504,p10.mp3,p10.mp3,3,3,3,2,3,4,3,3,,Pacing is difficult to follow
Persuasive,0.033669848,0.043722324,0.4839073213,1780.6573,1106.4753,3.954807085,4464.136366,5867.763018,141.5049267,0.1696130162,-462.91382,63.020443,-13.537137,5.5408907,2.4251456,2.126221,-4.3554673,-11.547978,-2.8534477,-10.978691,-8.655117,-0.9241443,-2.8521202,1530.438956,0.8778531,0.3165465,p13.mp3,p13.mp3,5,5,4,4,5,4,5,4,Smooth and natural delivery,
Persuasive,0.029940445,0.04895512,0.5836184474,1485.8643,1115.8351,3.769044586,3189.802493,4592.698369,119.7979611,0.1178015633,-459.1444,40.997433,9.371887,15.446838,2.1199982,7.0622873,-6.682097,-4.4300213,-2.093258,-4.2287855,-7.0705028,-4.241607,-0.45893463,1942.668564,0.6953102,0.34806135,p14.mp3,p14.mp3,3,4,3,3,3,2,4,3,Conviction,Proper pronunciation of words
Persuasive,0.056889102,0.061133258,0.3671615445,1696.6034,1099.7294,4.393671697,4189.607788,5610.187949,170.5530707,0.1620825082,-402.75793,61.054638,-8.190738,8.258772,-2.6428359,0.7817609,-7.4020305,-10.12528,-10.437345,-10.236652,-8.9122305,-8.676984,-1.3803586,1643.302771,0.9692344,0.29529274,p15.mp3,p15.mp3,4,4,3,4,4,4,4,4,Clear conviction,Loudness variation
Persuasive,0.03363647,0.040293805,0.3934540732,1602.0786,1088.5381,4.660519596,3213.712157,4778.5212,246.7805219,0.1123599935,-468.2059,64.28004,9.982599,11.263717,-5.462564,11.2078905,-3.7523637,-4.4032617,-11.097195,-7.6716905,-6.495628,-10.218657,-1.5456377,1931.476214,1.0561502,0.3466684,p17.mp3,p17.mp3,3,3,3,4,3,3,4,3,,Delivery is too fast-paced
Persuasive,0.016040407,0.029357811,0.6451949108,1593.397,1075.994,4.193591613,5240.13932,6663.752306,164.5351784,0.2116257493,-493.92444,47.1698,-2.7747638,2.3019931,-1.8171034,0.49180576,-2.8233984,-9.997609,-10.080106,-10.082882,-9.152176,-7.689898,-3.657172,1768.431767,0.6244973,0.28793308,p18.mp3,p18.mp3,4,4,5,4,4,3,5,4,Proper loudness variation,Expressive delivery is missing on most parts
Persuasive,0.035945587,0.05010367,0.4913328691,1626.3828,1135.0022,4.169804131,3157.626701,4094.318705,136.5524048,0.09470829277,-470.8718,56.083744,6.5042887,2.2569118,0.66430604,1.7705085,-11.900575,-12.115451,-4.107974,-8.854266,-7.113604,-3.3114333,-4.3338885,1100.919531,0.77419233,0.27185404,p2.1.mp3,p2.1,5,5,5,5,5,5,5,5,"Purposeful pauses, excellent vocal variety and clarity.",Maintain consistent energy through technical data.
Persuasive,0.019392673,0.030895572,0.5849882414,1789.7911,1156.9424,3.812995554,4340.380952,5975.463164,134.814619,0.1661730445,-496.3977,39.09973,-8.671053,12.795716,2.9865324,2.5938072,-5.713782,-3.6779995,-6.4515877,-7.836356,-3.22589,-2.3541114,-4.2267075,1875.720704,0.8066275,0.31256294,p2.10.mp3,p2.10,3,2,4,4,4,4,1,3,"Confident projection, dynamic pitch, and engaging humor.","Eliminate filler words, improve overall fluency, and control pacing."
Persuasive,0.023762355,0.042077877,0.6345261358,1460.3824,1117.0885,4.228797096,2346.030196,3514.277392,209.8619455,0.08624537032,-461.08096,48.47581,1.7091448,4.469396,2.1810613,-2.606996,-10.42074,-8.67249,-9.4740505,-9.871561,-6.2153373,-3.621877,-3.2726197,1337.536851,0.765614,0.36787993,p2.11.mp3,p2.11,3,2,3,4,4,3,1,3,"Confident projection, clear articulation, and good thematic focus.","Eliminate filler words, improve overall fluency, and vary intonation."
Persuasive,0.025557393,0.03813725,0.5292574806,1383.5922,1118.316,3.8532263,2811.980271,4015.196663,145.2834953,0.09231715399,-475.4254,35.585182,-4.9473295,1.7570391,-2.0181894,-4.123326,-14.538331,-5.852587,-9.587613,-7.960313,-4.8378477,-5.351297,-5.6592455,1512.049878,0.7833033,0.34964892,p2.12.mp3,p2.12,1,1,3,3,4,4,1,2,"Passionate delivery, strong emotional connection, and clear articulation.","Eliminate filler words, speed up pace, and improve verbal fluency."
Persuasive,0.013400792,0.025162607,0.6527579081,1698.8456,1129.3993,4.107430258,2491.254924,3535.619157,156.4930928,0.1012786426,-497.6814,28.846663,-9.528952,-1.7887915,-9.257766,-5.5118794,-8.957491,-6.4498615,-5.758684,-7.539309,-0.37572247,-1.2993271,-2.3429375,1227.411504,0.66369945,0.35432738,p2.13.mp3,p2.13,4,4,4,4,5,4,5,4,"Crisp articulation, high confidence, and strong vocal variety.",Increase emotional depth and personal connection.
Persuasive,0.017905954,0.0315315,0.6179322012,1662.1578,1181.9346,3.567150443,2923.211937,4226.265365,122.9027639,0.1131986811,-481.30292,33.37658,-1.9504136,13.274477,0.011862856,2.7498064,-4.7976685,-9.452282,-7.890224,-9.747141,-5.4260445,-3.1537354,-3.4924703,1535.07521,0.5887525,0.37259603,p2.14.mp3,p2.14,3,2,5,4,3,4,2,3,"Outstanding voice projection, high energy, and dynamic delivery.","Eliminate stumbles, smooth transitions, and slow pace."
Persuasive,0.026486082,0.03629442,0.4882564718,1776.3224,1124.8892,4.20475199,3733.687537,5232.275811,151.7254669,0.1497036244,-453.3737,34.306004,-5.5510116,13.030021,-3.7484782,0.27924106,-9.334714,-4.192216,-6.145164,-9.304641,0.9689812,-4.877493,-1.4004683,1782.159339,0.7715213,0.3014096,p2.15.mp3,p2.15,3,2,3,3,4,3,2,3,"Clear articulation, logical structure, and approachable tone.","Eliminate stumbles, slow down pace, and increase vocal dynamics."
Persuasive,0.043931454,0.056949284,0.4628842065,1700.6755,1130.7054,4.00165976,2776.72697,4039.56966,150.0206149,0.1134541675,-455.00397,57.91473,-3.9746232,9.174356,-0.50475156,-0.5927246,-11.441469,-12.655673,-6.587117,-9.265034,-10.492081,-7.3742394,-2.9111109,1482.835499,0.8771554,0.35213244,p2.17.mp3,p2.17,3,2,4,4,4,4,1,3,"Dynamic pitch, strong projection, and passionate delivery of message.","Eliminate filler words, improve verbal fluency, and smooth out pace."
Persuasive,0.022390136,0.0320425,0.523510521,1492.968,1141.538,4.502124912,2857.663306,4142.75771,167.2040889,0.1041011366,-463.74167,44.815125,4.9075503,9.511312,2.600446,-0.6496555,-8.275448,-7.5706773,-10.175453,-10.633508,-8.945968,-5.8712597,-4.9734025,1509.048324,0.7491661,0.34397572,p2.18.mp3,p2.18,3,2,4,3,4,3,2,3,"Clear articulation, strong projection, and logical argument structure.","Improve verbal fluency, eliminate repetitions, and vary intonation."
Persuasive,0.020049924,0.04338821,0.6870596836,1597.7407,1087.3823,3.509199393,5749.765021,7424.211663,149.4128942,0.2540418161,-472.09332,33.170197,-8.390702,0.43822873,-8.415291,-3.92,-4.3893213,-9.798007,-5.7932863,-8.869149,-5.632207,-1.100253,-2.7299511,2130.877428,0.55614454,0.28479263,p2.19.mp3,p2.19,3,4,5,3,4,4,4,4,"Excellent projection, authoritative tone, and strong command of facts.","Increase pitch variation, improve fluency, and sound less monotonous."
Persuasive,0.017451191,0.027509108,0.6970280068,1541.5475,1175.7402,4.111389712,5583.993604,6784.904252,151.217876,0.241568894,-439.57236,36.288387,6.1621747,5.5177355,1.4481199,0.403433,-4.202618,-5.7920203,-7.0708804,-7.834505,-6.4583955,-6.819237,-5.3325,1295.473018,0.5814435,0.29111758,p2.2.mp3,p2.2,4,4,4,3,5,4,4,4,"Impeccable clarity, convincing tone, and high energy.",Increase pitch variation for greater emotional range.
Persuasive,0.008895697,0.015627688,0.7785206084,1723.5498,1136.5022,4.136530433,2751.69696,4179.098822,157.5368295,0.09710891382,-487.35626,18.04752,-8.27417,2.2720199,-5.1015425,-2.3483202,-4.5630884,0.3768759,-3.2337856,-2.3133817,-0.9922385,-1.6147887,-0.72373027,1565.382213,0.6609557,0.36623216,p2.20.mp3,p2.20,4,4,5,5,4,5,4,5,"Excellent projection, highly dynamic pitch, and contagious enthusiasm.",Maintain a consistent pace; polish complex transitions.
Persuasive,0.036796067,0.06120728,0.5806009144,1812.1874,1116.2922,3.586523055,3541.934878,5067.301148,149.8744693,0.1004590714,-435.97668,38.303402,-5.9941807,2.614567,-3.2970905,-2.7403038,-9.546134,-6.7941275,-8.195768,-7.228319,-5.8503466,-4.042018,-4.0715833,1746.104305,0.7971856,0.29350072,p2.21.mp3,p2.21,5,5,5,5,5,5,5,5,Flawless comedic timing and exceptional vocal control.,Execution is perfect; no genuine delivery flaws.
Persuasive,0.03287565,0.04776467,0.5209155785,1587.5969,1195.4381,3.759973215,2141.632996,3148.983094,140.6556937,0.07735540796,-472.7795,52.055794,4.7958627,13.553288,2.9002864,4.0742316,-4.4272375,-4.2001815,-6.9500875,-5.4371967,-3.719014,-5.0067554,-4.6719933,1216.274868,0.87525904,0.42843974,p2.22.mp3,p2.22,4,4,5,5,4,5,4,5,"Highly dynamic voice, exceptional projection, and powerful emphasis.","Maintain consistent pace, and reduce minor verbal stumbles."
Persuasive,0.019438693,0.027829023,0.5839058552,1710.5483,1122.2184,4.046841064,4096.27147,5707.571073,163.3243969,0.1346108939,-480.29944,38.368793,1.7867298,10.800827,-1.3929776,3.8198576,-6.946032,-2.9577239,-4.995352,-4.0157886,-4.5433965,-3.217822,-3.1129184,1759.767585,0.83273643,0.34340385,p2.23.mp3,p2.23,4,3,4,4,4,5,3,4,"Powerful emphasis, high energy, compelling story.","Improve fluency, reduce vocal fillers and stumbles."
Persuasive,0.017546982,0.02946117,0.6189786412,1609.1255,1130.418,4.061022175,4219.443269,5395.371582,160.141272,0.1792871285,-486.11038,39.11428,-1.0082566,2.156344,-6.204274,-7.200702,-6.618698,-5.566711,-3.6560423,-4.21279,-2.9298952,-2.2113876,-2.933781,1368.993383,0.71864843,0.26727167,p2.24.mp3,p2.24,3,3,4,2,4,3,3,3,"Clear articulation, strong projection, and heartfelt sincerity.","Increase pitch variation, eliminate stumbles, and quicken the pace."
Persuasive,0.020365383,0.03938341,0.6804151978,1725.0316,1151.5651,3.589710635,2834.665394,4329.840414,129.1486119,0.08984084299,-454.79,24.746117,-10.88595,0.9411923,-2.766576,-6.6537714,-6.5607667,-0.33427566,-4.2565327,-1.9162239,-1.182519,-1.4149545,-2.6618207,1584.625819,0.5897417,0.36074466,p2.25.mp3,p2.25,3,4,5,3,5,4,5,4,"Excellent articulation, strong projection, and no filler words.",Increase pitch variation; make pace less uniform.
Persuasive,0.009564923,0.015343937,0.6027864816,1569.7183,1112.3495,3.845903333,4205.408899,5848.776404,121.7387446,0.1767508595,-530.3199,37.564037,-0.45776033,6.6061597,-4.7671065,-0.42266756,-7.228679,-11.969913,-6.4469743,-8.5309305,-6.492365,-3.1429505,-4.7466974,1987.246907,0.6210085,0.30322006,p2.26.mp3,p2.26,2,1,3,3,2,4,1,2,"Passionate, strong ethical appeals, and clear conviction.","Practice fluency, eliminate stumbles, and improve pacing."
Persuasive,0.04957751,0.060327496,0.4059684685,1579.5833,1055.8835,4.183608336,2930.822239,4468.169321,163.260274,0.08796567952,-442.6247,47.60397,2.1947567,14.612422,-9.903404,3.3839824,-9.9250965,-11.941993,-11.146376,-6.665196,-3.8774066,-11.040249,-3.3461332,1622.149232,0.9494528,0.32986483,p2.27.mp3,p2.27,5,5,5,4,5,5,5,5,"Exceptional clarity, consistent pacing, highly professional.",Integrate more visible passion/emotion in delivery.
Persuasive,0.0070265876,0.00956638,0.5138186987,1567.0657,1146.8403,3.856388557,2985.879717,4460.567874,133.6473283,0.1128215188,-587.1923,44.284172,-0.073636726,11.605311,7.6301413,-1.2913376,-4.94331,-0.47692177,-9.747619,-4.102287,-5.174002,-4.482904,-5.256141,1583.244476,0.767951,0.3815771,p2.28.mp3,p2.28,4,4,3,2,4,3,4,3,"Good pacing, logical flow, very clean speech.","Increase volume and projection, eliminate persistent uptalk."
Persuasive,0.015998157,0.024640309,0.5743925815,1879.6532,1183.1863,4.181031203,2890.081062,4350.835367,220.474655,0.09486041078,-490.29773,40.68159,-6.633652,4.003679,0.99545157,1.8935322,-2.629697,2.1153626,-6.8800354,-5.606451,-8.80783,-3.869049,-4.9393983,1951.509918,0.8847242,0.33319923,p2.29.mp3,p2.29,3,3,3,5,3,5,3,4,"Emotionally profound pitch variation, highly effective emphasis, deeply sincere tone.","Maintain more consistent pace, strengthen volume control, clarify articulation."
Persuasive,0.04879775,0.041801427,0.2696723054,1550.5624,1081.7853,4.399896457,2418.059721,3574.852431,145.259364,0.08974277206,-445.9088,71.27625,4.874951,14.699271,2.524635,8.863679,-9.479652,-5.360722,-9.062945,-4.276317,-5.2271304,-1.4874815,-2.236129,1314.578355,1.1774616,0.41022623,p2.3.mp3,p2.3,3,3,4,4,5,4,3,3,"Excellent clarity, high energy, and passionate delivery.","Slow pace, reduce filler words, and utilize silence."
Persuasive,0.0049391524,0.008062602,0.8885405307,1417.2454,1028.5645,3.982846792,3642.269121,4856.810785,153.8085938,0.1375591188,-471.92032,22.742117,2.6562898,-1.779933,-5.3458414,-3.1517475,-5.65292,-5.9216228,-3.5276272,-2.8342311,-0.9970609,-0.10083288,-0.3307104,1544.960325,0.39746994,0.3046339,p2.30.mp3,p2.30,4,4,5,4,5,5,5,5,"Professional fluency, crisp articulation, strong confidence.",More physical movement to match energy.
Persuasive,0.029047903,0.041859593,0.5303855192,1457.4861,1169.4017,4.304536452,4040.21448,5330.360158,161.1796401,0.1569009489,-476.26007,50.15803,6.7996964,11.175045,3.4392428,-0.13792355,-8.224545,-10.164385,-11.836511,-9.398184,-7.0846148,-4.877039,-4.463614,1639.615899,0.81100917,0.3198399,p2.4.mp3,p2.4,4,4,4,4,5,4,5,4,"Clear articulation, passionate, purposeful pauses.","Vary volume, slow down complex facts."
Persuasive,0.017264964,0.024167955,0.5185494536,1787.9951,1166.4014,4.139674743,3448.236997,4940.768166,150.7189327,0.1235673572,-522.51764,35.84413,-4.46976,4.1053295,1.4074667,0.4233469,-16.835794,-2.682918,-12.509833,-6.581178,-6.0377827,-4.5420847,-8.519841,1777.777173,0.91420144,0.32518423,p2.5.mp3,p2.5,3,4,4,3,4,3,5,4,"Confident presence, high clarity, and strong focus.","Slow pace, increase pitch variation, and emphasize key facts."
Persuasive,0.016974248,0.026257882,0.5742930941,1617.4358,1067.1783,4.054307549,2660.227562,3785.542964,163.1675832,0.08766532697,-505.7891,37.893322,-10.0009,0.26682696,-2.7694435,-1.0153255,-10.948728,-9.193719,-8.7163,-6.72501,-7.4002614,-8.115961,-6.9187603,1546.893463,0.8090714,0.3557815,p2.6.mp3,p2.6,4,4,3,3,5,3,5,3,"Excellent fluency, clear articulation, and authentic delivery.","Increase volume, project voice, and vary intonation."
Persuasive,0.01545016,0.027781516,0.6841250854,1581.292,1116.6836,4.471978731,3949.122839,5329.914529,168.5271195,0.1605861261,-470.6838,41.53437,2.5383143,2.0775878,-1.7496041,-5.12549,-9.479401,-9.105632,-11.123613,-9.356413,-6.353465,-4.1384063,-3.6113322,1721.977241,0.5945484,0.27711573,p2.7.mp3,p2.7,2,2,3,3,4,2,4,2,"Clear articulation, low use of filler words.","Slow pace, practice purposeful pausing, increase vocal variety."
Persuasive,0.018559126,0.029616853,0.6073899645,1590.9064,1114.2328,4.23427484,3199.634721,4593.469351,155.7992788,0.1080705982,-459.86246,33.389736,-1.9387074,2.3454874,-0.48861647,-1.8103458,-14.895386,-4.184673,-7.738978,-5.1836324,-0.958856,-2.6628153,-2.0604296,1739.833999,0.74387133,0.32913423,p2.8.mp3,p2.8,4,5,4,3,5,3,5,4,"Outstanding fluency, clear articulation, and professional delivery.","Increase pitch variation, emphasize scientific facts."
Persuasive,0.025844939,0.044530105,0.5780497828,1518.1713,1123.8177,4.078085786,4178.062196,5321.642718,177.1805653,0.1692461152,-480.1933,46.94916,1.3636309,8.716362,-3.018235,-3.099039,-8.245311,-12.30933,-7.8411956,-7.030087,-6.5529046,-2.8061833,-3.0461094,1388.495051,0.7755089,0.3121182,p2.9.mp3,p2.9,3,3,4,4,5,4,2,3,"Excellent articulation, confident projection, and strong main theme emphasis.","Eliminate filler words, slow pace, and increase fluency."
Persuasive,0.025742285,0.03647637,0.4646470408,1614.5618,1113.6273,4.232919297,4312.261449,5605.461828,185.6531407,0.1690026094,-493.60254,56.35289,-1.3913224,6.4660635,0.36547777,0.86193866,-11.060389,-10.019391,-6.8187222,-8.184954,-6.5875096,-3.4235399,-2.8301122,1608.862311,0.8960377,0.3047889,p2.mp3,p2.mp3,4,3,4,4,3,4,2,3,Naturally delivered,Minimize fillers
Persuasive,0.016607676,0.026297444,0.5882423864,1644.1593,1062.1113,3.989906921,4431.337634,5709.342654,163.1675802,0.1465468528,-508.25958,39.19433,-9.475256,0.43925107,-2.410567,-0.9234601,-9.8811865,-9.786234,-8.203261,-7.207199,-6.51273,-8.1881485,-6.980221,1785.549452,0.7407773,0.2997295,p3.mp3,p3.mp3,4,4,3,4,4,4,4,4,Conviction is clear,Some parts sounded explicitly memorized
Persuasive,0.014752502,0.01850147,0.4791411186,1726.6466,1094.6223,4.724059474,3241.083559,4715.281117,173.4186994,0.1075146158,-492.68994,42.349934,-0.7931987,1.2309002,-3.1325595,2.6499782,-10.655799,-5.5576997,-6.6899424,-4.0938144,-3.7140558,-1.5821574,-0.8949809,1717.890869,0.87284493,0.33290195,p4.mp3,p4.mp3,4,3,4,4,4,5,3,4,Expressive delivery,Breathing is too obvious
Persuasive,0.018604552,0.026403228,0.5265243489,1811.1981,1168.9672,4.121688996,3449.49707,5028.286466,150.5390701,0.1110122316,-516.0058,37.31312,-4.768638,4.4128146,1.3909324,2.2006886,-16.876966,-3.0253348,-10.735515,-7.379499,-5.909622,-4.339296,-7.581607,1873.373844,0.85955036,0.3359798,p5.mp3,p5.mp3,4,4,3,3,3,4,5,4,Easy to follow,Some words aren't articulated well 
Persuasive,0.014613397,0.020991746,0.5229941281,1779.0057,1195.7306,4.169983666,4427.319314,5547.156109,133.0646473,0.1719699504,-542.98517,53.809303,-0.1692038,10.543235,1.3372401,-7.7454934,-9.573532,-9.657505,-7.2181234,-10.028174,-8.908664,-7.2589607,-5.4597554,1294.667031,0.75405455,0.27847528,p6.mp3,p6.mp3,3,2,3,2,3,2,4,2,Easy to follow,Unnatural delivery
Persuasive,0.04592674,0.058191188,0.4130928063,1484.4255,1081.2822,4.636744325,3552.608274,4877.775937,185.1099868,0.1123259558,-437.39496,60.097244,1.6166643,11.343333,-1.8763195,-3.164696,-7.9105387,-8.58797,-6.752295,-6.771964,-4.4735,-5.640439,-4.4501066,1636.025927,0.95074445,0.31785372,p7.mp3,p7.mp3,4,4,4,3,3,3,4,4,Pacing is appropriate,Intonation variation
Persuasive,0.01817279,0.030953534,0.5822144791,1592.7697,1103.9424,4.275958755,3031.047579,4484.223055,163.6357792,0.09636185725,-507.96994,43.620144,-3.4190588,5.510852,1.3578963,-0.08224647,-9.6296215,-3.9589722,-5.386805,-4.610192,-3.2664974,-0.9239836,-2.2181566,1678.942969,0.89338696,0.34808725,p8.mp3,p8.mp3,4,4,3,4,3,5,3,4,Spontaneous and natural delivery,Articulation of some words are unclear
Persuasive,0.022198385,0.034324706,0.5495232611,1545.2472,1136.5261,3.94542507,6181.928763,7530.924666,134.2603725,0.2105640818,-480.1216,42.16738,2.5551033,14.333372,5.877277,5.824411,-4.182799,-4.3070354,-6.4723434,-7.9532104,-6.0321374,-7.656182,-5.912929,1525.780922,0.726183,0.29505122,p9.mp3,p9.mp3,4,4,5,4,4,3,3,4,Clear articulation,Expression isn't consistent
Persuasive,0.012355058829183,0.0077515218479924,0.8669536500409154,1349.2125394866218,966.8749129280386,3.0799799326544024,2551.4612357395063,3804.1596998733567,98.36995567863468,0.1632442640800421,-596.915222330431,-1.8175032792899373,-1.6595490146566192,10.42422429595377,32.475643163223786,23.19450186421157,9.122914019804192,41.18528947223795,-6.050613934795816,9.214464853521816,16.636184329369172,25.606998421703597,58.51759613930136,1439.6085385900317,0.8085406630481671,0.3410897482634451,new_p1_1.mp3,new_p1_1.mp3,1,1,1,2,2,2,1,1,Topic is relevant,Eliminate excessive fillers
Persuasive,0.0108439980016411,0.0117574887795431,0.75198974417398,1435.5504389212133,984.4932326768308,3.3083332020319327,2805.095587111947,3782.8202741521927,80.63865008880856,0.0834388521115218,-422.6698994803045,5.877998160001692,46.2522284353982,11.171107608941096,32.00680211778108,34.67102793432797,-1.5145544474472956,76.95846277645586,57.51328233611146,73.9498941564189,69.48273504276489,39.78999788110851,72.18742350231169,1306.1910024623037,0.6175897174514872,0.2754272746692646,new_p1_2.mp3,new_p1_2.mp3,1,1,2,2,2,1,2,1,Attempts to deliver message,Eliminate excessive fillers
Motivational,0.009015997721058,0.0138012674849577,0.8947882960896207,1351.7585619216711,941.3998773033816,3.2370188045632657,2996.789203835431,3601.1116308960154,86.6106775625201,0.1615461428454834,-473.2856640380957,52.900716804098735,57.127034668594575,-12.595534826590963,15.846572854427258,-8.413094047487029,66.31034258755935,42.329812682755794,13.08980248526492,-13.644164971397636,11.09823217156622,12.518332202674706,52.96061783380641,1965.068965626256,1.032327645545796,0.3266657910194339,new_m1_3.mp3,new_m1_3.mp3,1,1,1,1,1,2,1,1,Attempts to deliver message,Increase pace
Persuasive,0.0118902056320196,0.0134191579635424,0.8656450769931842,1323.4488990910977,978.4099244072992,3.3420328146868394,3688.425557955279,5049.390674301206,81.0167650697638,0.1495516086426127,-615.167136398531,40.44173792778172,33.98410913016731,0.3061224734769396,74.2853570557981,39.8865466488536,49.47849330397045,68.04678390152577,42.43540481337932,9.5633685837714,-9.45057401697294,25.653457048291024,1.8440437216833596,1699.8119374444395,1.029968155351321,0.3089214025206329,new_p1_4.mp3,new_p1_4.mp3,1,1,1,1,1,2,1,1,Topic is relevant,Add vocal variety
Informative,0.0061340451746342,0.0066507788679151,0.7841902743812913,1306.776947156564,1022.702214888374,3.688584466605074,4231.090082225675,5419.280454740069,80.27808522124762,0.1044125522247774,-607.9272394567673,1.8764219573070235,35.81020020173412,20.383617105804085,-13.510775289101844,5.391541393434469,4.68760628386012,49.63042728397883,51.2270589924442,-5.191307004660011,79.77404850489418,6.6781014275285,77.66149558326529,1693.2444159818774,0.519830439740329,0.311408549763202,new_i1_5.mp3,new_i1_5.mp3,1,1,2,1,1,2,1,1,Attempts to deliver message,Improve articulation
Motivational,0.0038836333371859,0.0123417914041634,0.8978475681165902,1260.513817877875,1000.8203321108816,3.609295692262974,4958.557852237107,6543.547643908786,89.50550175969599,0.1616431873219384,-450.4137187538622,-4.928245603457054,30.81987767407187,49.58128067908818,65.83588048137199,12.595890520188476,2.0241047565548307,51.11495324380178,60.95010461397155,14.866598729172935,-10.382344890857924,74.0523264489604,19.75720210875223,1821.301620632976,1.0026260635443969,0.3510828140447137,new_m1_6.mp3,new_m1_6.mp3,1,1,1,2,2,1,2,1,Attempts to deliver message,Increase volume significantly
Motivational,0.0140210170376213,0.0181600903007147,0.7886912441572733,1364.9960115085448,1022.5833300301824,3.4441606492795698,3895.733634017744,5706.435187452035,101.18602313424026,0.0988707108341379,-580.2821618519545,50.03578299727712,64.66611422383059,65.63242918780925,20.45081271221901,68.77700987609597,65.09284487675127,73.56349942209475,58.53406511139436,46.89882547142287,38.06866214364547,17.22827665617431,74.01334424577784,2368.3966041063804,0.6703525848424794,0.3066436632413272,new_m1_7.mp3,new_m1_7.mp3,1,1,2,1,2,2,2,1,Shows effort,Increase pace
Persuasive,0.0104754963735338,0.0083640396419083,0.8568268832021304,1259.3122718742,948.8099547238902,3.597193124094419,3856.350576387248,5216.270329212027,105.9853159618886,0.1436332618185895,-587.384545348604,38.98708475605439,77.8892858275009,28.67421529594551,70.6098787718554,23.439436551042867,15.00784076946757,44.51033620305648,46.892405966309965,66.4167565071903,3.018526824155529,29.919337988475235,37.20041992091831,2122.264817167571,0.5261622630526602,0.3893460612956809,new_p1_8.mp3,new_p1_8.mp3,1,1,1,1,1,2,1,1,Shows effort,Eliminate excessive fillers
Motivational,0.0138932370728658,0.0105523805038316,0.7523184924793301,1432.0796406469312,964.2276222475972,3.773323855234936,2977.277577875865,3812.5303449437865,118.54479908357013,0.1285279874276315,-556.8282832264877,19.46914668094722,64.42131407263113,73.00168348108319,-12.95838691504561,0.8918717615360165,47.11435168240506,15.864678129616388,5.416364906973875,9.529058841893876,12.255076423860054,64.86697949246744,-6.337866855797119,2050.6931962921426,0.8316919861447447,0.3055812172377358,new_m1_9.mp3,new_m1_9.mp3,1,1,1,2,1,1,1,1,Shows effort,Improve articulation
Motivational,0.0132719401415413,0.018698608288347,0.8267013598291407,1325.3790736718,1019.7442768450164,3.519971144622212,2569.041929684262,3528.98877207548,108.07867509030814,0.1238474123018087,-481.9934661762002,12.815266747473196,-4.495838327225581,78.1840888310531,63.89335020693633,66.04046183116752,5.025136051586404,-16.11652655705768,10.326551467322282,33.70824271966554,12.665124179604083,62.78690037875887,7.154291581974189,2358.302196468924,0.7743590969682372,0.3710427690014378,new_m1_10.mp3,new_m1_10.mp3,1,1,2,2,2,1,1,1,Shows effort,Improve articulation
Persuasive,0.0037985902014314,0.0069911813336445,0.8954305300671239,1378.648776044988,906.1601275151812,3.319056721155836,4906.621036694813,7118.496537702931,97.34082950322968,0.1495974206093698,-547.7617638964325,-2.670567992915423,-4.356295732891395,5.024289816459532,34.92266647061205,51.45959227000624,46.01973767177313,7.993389694594285,75.48652806631941,53.78969166957685,35.43540525114007,41.17207462343522,21.960006242778988,1497.277187401389,0.713583607190757,0.3609415332557243,new_p1_11.mp3,new_p1_11.mp3,1,1,2,1,2,1,2,1,Attempts to deliver message,Eliminate excessive fillers
Motivational,0.0031933878555747,0.0064123548240284,0.7967119964086942,1444.8776321553771,926.2995404834008,3.0137288814654,3584.6291230949328,4730.10245069753,110.53457692015644,0.1415850098052216,-491.2265872830891,-15.469599022795547,17.461261462647123,42.58599157142364,30.31362585800877,65.64898411883223,45.8693631618945,-3.706557291857031,-12.943125259957016,44.24192782063156,-17.34886894583782,38.57755812734633,74.02302414249576,1890.5690134510544,0.7329019557239131,0.3471945862130824,new_m1_12.mp3,new_m1_12.mp3,1,1,1,1,2,1,2,1,Attempts to deliver message,Eliminate excessive fillers
Persuasive,0.0126683131846714,0.0143890950515235,0.8730640265656903,1362.871192964447,931.0026539815118,3.219168901856907,4207.516933540892,5138.878553410761,88.58356478833497,0.1118975630293761,-438.7811722576364,-17.672806426417413,61.44684825889358,8.185477477339994,-8.183517237834375,49.67371653641507,42.8942846779884,67.74720135270529,53.50710438038858,60.34809303848486,8.203457257130648,-2.2560456220277167,55.06147516408584,2168.201687120717,1.094303085200404,0.3195141212293712,new_p1_13.mp3,new_p1_13.mp3,1,1,2,2,1,1,2,1,Shows effort,Increase volume significantly
Persuasive,0.0095470721604708,0.0180067491081458,0.8342800038215661,1259.649214947585,1001.9767169850368,3.5919270083579,4566.143665269354,5917.790135818598,89.52944609615918,0.16955232284962,-552.6995803164592,-18.916234851970163,70.53819764192636,-10.871332321386644,11.931363759041488,75.0061967050805,75.06071469375561,37.34378881232861,43.183721216979926,24.84455219783198,9.321077169806454,12.866454536991595,47.25184560770384,2102.8494353252163,0.9749474262355092,0.3647541771353464,new_p1_14.mp3,new_p1_14.mp3,1,1,2,1,1,2,2,1,Attempts to deliver message,Eliminate excessive fillers
Motivational,0.0146652267109473,0.0199389686304549,0.7583806732016025,1384.2588891977523,981.8873655247484,3.5646651871029555,2752.806690306976,3372.826961940486,118.7460777589654,0.150096913145912,-631.8092484089516,62.186005929035616,50.62422271564962,-11.865121935810024,-11.516228591480807,78.66395785011754,17.427079575612034,17.064214706689093,61.27995672575025,74.72485773838586,78.6001063822871,55.33781852589416,17.62595855309158,1300.2008600384024,0.966288149556462,0.3370085099682966,new_m1_15.mp3,new_m1_15.mp3,1,1,1,2,2,2,1,1,Topic is relevant,Reduce long pauses
Motivational,0.0062932828772482,0.011516777667324,0.7880523260809709,1301.3005216953543,985.7209537807516,3.5927790887285345,3958.421912742899,5892.711765207871,110.68779412434289,0.1174870579523704,-578.5719784295349,66.85991281894603,2.3595838519452634,76.32225394406113,-18.784552531018367,76.98788267076391,-15.684008804942389,69.11431136980711,32.77011090862999,79.29647961193004,-12.620343526460116,35.38542844013208,76.9302535619099,1827.7174130041783,0.8776391828811576,0.3534898426781541,new_m1_16.mp3,new_m1_16.mp3,1,1,1,1,1,1,1,1,Topic is relevant,Increase volume significantly
Informative,0.0110600257262295,0.0107630274706882,0.860565105876453,1428.8135854172765,1043.8053611111768,3.046291118206166,2970.302899309403,3977.560894150796,95.7808719443252,0.1153352228026052,-504.085972037282,-12.226536303501517,77.43948076661665,78.62107444796028,49.81617140197452,33.60963663441204,10.952761628632777,61.37950197069486,48.47311725538793,-3.738306065510869,71.09271844938425,62.2537242923169,74.9799913291924,2070.863410066032,0.868049117561474,0.3201891643548742,new_i1_17.mp3,new_i1_17.mp3,1,1,2,2,1,2,2,1,Shows effort,Reduce long pauses
Persuasive,0.0025878427113804,0.0053955046174587,0.8064695050317074,1402.6383326954583,1048.0914193972417,3.1203335128828225,3922.703672914369,4781.985833659106,103.7652286140854,0.0836821867635991,-616.5369702998418,-18.63280351730027,-12.464093964753769,49.1714397168912,33.434627502946306,54.99107494699719,71.31657522576428,38.51495323254719,52.61208440718481,55.70812020424559,17.785054927578642,4.108483232963184,0.5045328506524918,1501.730927414158,0.6648390782155453,0.2948673178809668,new_p1_18.mp3,new_p1_18.mp3,1,1,1,1,2,1,1,1,Attempts to deliver message,Increase volume significantly
Motivational,0.0066561153344269,0.0067033638829944,0.85073597933892,1330.0769252259483,1015.847758760346,3.4161308008895945,4479.544598674082,6168.273644152544,114.0872600127416,0.1280045967018475,-544.8660553337312,58.46682639443095,43.93613569742424,60.50446675193619,70.31510586766262,41.7263712097292,78.04627250923778,40.808784954188525,43.66443216222826,35.481560854222565,-10.899790894866973,52.63970326502283,34.744630689911155,1741.0925368993253,1.046282767041964,0.3057551341850341,new_m1_19.mp3,new_m1_19.mp3,1,1,2,2,1,2,2,1,Shows effort,Improve articulation
Informative,0.0143437681075493,0.0072061022139355,0.8889881437742242,1323.0290732698843,938.7366582448436,3.367308604990609,3949.124836179346,5143.612530676944,119.20130301141909,0.133726341671407,-534.970210254107,38.47661059491537,20.030048891028137,49.76675736969318,-1.9932727650701447,49.65014662270789,21.16612143575281,67.43176048544171,31.52360548642109,77.31103492701043,40.19353955409602,2.38490659063206,62.17906368444491,1614.099153386864,0.7085715286896102,0.2738165617782198,new_i1_20.mp3,new_i1_20.mp3,1,1,1,2,1,2,1,1,Shows effort,Increase volume significantly
Informative,0.0242155753606545,0.0251583429601448,0.6228539722096151,1500.6834541709711,1103.5592242944049,3.527518497888769,3443.214913105181,4134.53846372351,159.97051994545214,0.1668301107035587,-628.8707480798295,39.72780822554306,78.62569958668152,33.65906459873325,72.40417591074332,3.611653311740433,55.99554089375856,33.126575397353406,52.051606139146486,-13.765863748875857,-5.226090809377331,-6.688307141252174,48.71655054033312,2213.3288071603547,0.9497697392051524,0.2736566583280313,new_i2_1.mp3,new_i2_1.mp3,1,2,2,3,3,2,3,2,Basic message conveyed,Reduce pauses
Motivational,0.0256523453291004,0.0260617625908682,0.6038486461898762,1475.4568326209246,1003.0106796666588,3.725455415908225,4197.755797861224,6031.131400144252,130.57240034982723,0.1298442198929057,-628.2699279781441,33.71065418185478,38.68411180208791,54.54394741843299,23.165954622967934,-7.241969720443624,8.377590579872447,16.308229639863512,44.59172413316013,37.07783046689119,15.609672589784624,78.65152487929797,40.57748193568872,1484.6721500831934,0.5610694835722423,0.2883430967021199,new_m2_2.mp3,new_m2_2.mp3,2,2,3,2,2,2,1,2,Adequate topic choice,More pitch variation
Motivational,0.0187313404810261,0.0271273792173461,0.584674719058951,1579.353084925285,1012.0350618492464,3.8671579726991774,4663.767814734951,6739.7117057255655,140.51984134948307,0.1057902827044939,-607.2781031524836,46.864321992443095,72.93759891275857,35.67628930139298,37.16126894698999,7.997909366028416,56.949293319193686,-1.295625144247662,12.367923640424364,22.54364386164168,30.7610378684455,4.240973241508023,-8.516317526079646,1932.744050929959,0.6731783319441536,0.3397485865707135,new_m2_3.mp3,new_m2_3.mp3,2,2,2,3,3,3,3,2,Adequate topic choice,More pitch variation
Informative,0.0256517886510317,0.0212955884205606,0.6173208556387841,1426.8829353877948,1009.5062455709152,4.1929721626729615,2791.7401603542035,3746.375318224684,136.11769224873615,0.1406101881055838,-451.4276375083844,-9.330074988656394,65.07274600164547,54.59745255487181,20.85182929359169,73.29380670999547,79.09294764573906,0.500181005323725,17.922858496380044,72.64494235897112,52.15965507512772,-15.190535603591233,58.151448175141496,2193.52906461299,0.9503011548591882,0.3659444557103419,new_i2_4.mp3,new_i2_4.mp3,2,2,2,2,2,2,1,2,Adequate topic choice,Reduce filler words
Informative,0.0312914944046276,0.036629930517405,0.6546130849538239,1471.7660968247003,1131.5800811219665,3.7747115751958447,3849.452654786583,5126.021242378035,160.82997197357886,0.1377486270906125,-561.159387045401,19.148211020150192,33.185747968817395,-13.338088760918303,2.9025390924796355,34.28493106134089,23.152814313644264,13.281578591248426,53.05491368093014,49.37176074033384,-3.326924000661684,67.86291153734382,29.54236264039656,2089.7530933668545,0.8438905095544333,0.3897231139108612,new_i2_5.mp3,new_i2_5.mp3,1,2,3,3,2,2,2,2,Some clear moments,Improve volume projection
Informative,0.0199697827962893,0.0385986573143169,0.556706486947156,1513.9779369742632,1114.3688028611036,4.113735945733225,4493.238414448884,5593.970520406318,137.10408743579538,0.1029251395232641,-469.4368579017335,52.00365365460743,44.11476328852973,49.39484444671,34.27244433475962,5.179905890695274,14.569599350391949,-1.8402283198574343,70.84505613336283,38.339179476612046,20.08514167636399,26.20058036441327,74.72833396118153,1384.0216837392963,0.8517378992100784,0.3307066414661359,new_i2_6.mp3,new_i2_6.mp3,2,1,2,2,3,2,3,2,Some clear moments,Improve volume projection
Persuasive,0.029521911721248,0.0348240726314705,0.57044253284504,1583.7501044521491,1118.512695568613,3.5161158233513463,4341.110589061807,6426.18986943932,152.56836054941232,0.1725568512906776,-537.290157148967,-8.676195415924475,78.48411989623345,63.889808644593415,-7.533731879673315,72.08418826173724,66.98963620621282,31.883805712607213,39.127543574492925,19.900270387013023,-14.523836117796868,13.519724164590096,60.28534485980114,1205.558427605523,0.7000995030146866,0.3177802432309132,new_p2_7.mp3,new_p2_7.mp3,1,2,2,3,2,3,3,2,Some clear moments,Reduce pauses
Persuasive,0.0334592046359697,0.0316425030579703,0.6461673956178148,1583.6909449878603,1088.0602336204852,3.522992669170407,4787.11475267025,6264.984057425978,165.63747314395644,0.1380588350278043,-491.9339280201174,-18.690554341166635,46.353737201671066,-2.196403313024856,76.10703174694551,-5.133727224688705,21.46241237270237,-11.465033192135614,79.68742518459473,30.21950103312426,39.53850173200438,-13.292352261157252,54.99604703991778,1451.8867117147029,1.0388325736644284,0.2946167568578409,new_p2_8.mp3,new_p2_8.mp3,2,2,2,2,3,3,1,2,Some clear moments,Improve volume projection
Informative,0.0225545189488033,0.0409141203323083,0.6674907208468149,1458.8089358441944,1107.1088799684742,3.86935341110135,3335.907028276205,4078.6500945230127,146.72279456286233,0.155324622074745,-581.9245363199251,69.74304098188843,32.65784666592938,60.074977148612106,77.89314356159612,63.978885945657055,66.69937600115234,20.79844953648447,35.172259525933974,5.388856404330429,-0.3886900306547183,30.550787910603376,39.50489797004206,1607.1254950754292,0.8416661106581003,0.3764952579016203,new_i2_9.mp3,new_i2_9.mp3,1,2,3,3,2,2,1,2,Adequate topic choice,Reduce pauses
Persuasive,0.019863443819989,0.0380566732963914,0.7211392936212572,1566.0439729133982,1059.5775294427683,3.967659595599452,4339.761532990005,6311.915944714584,130.24921477079104,0.0922776889662708,-430.8889810311765,44.292556361425326,50.39461351385094,71.06240035403039,42.47612710432511,13.586585714983508,62.51073314226598,16.305921219509052,-16.577188917947087,63.06545065652497,14.51921448812756,57.383452320134026,16.275789466594546,2233.281623969666,0.6317063150485752,0.3869456718238644,new_p2_10.mp3,new_p2_10.mp3,1,1,3,3,2,3,3,2,Some clear moments,Reduce pauses
Motivational,0.0247486239649902,0.0423638056723522,0.709971051189463,1485.0427008938466,1003.3703962480176,3.688074151569462,3554.259836383205,4406.155011013358,147.08171073304334,0.1700572301236385,-477.1945355975864,48.318385644548144,62.25838759116739,32.966167865508105,61.505442840245706,29.80907535110057,-13.282460008428991,20.524808802768877,29.74648939798906,52.02025816322959,-9.342126987132565,-5.9981461339551,6.3683802634616455,1519.7980720450587,0.9393107470754376,0.3000876792673917,new_m2_11.mp3,new_m2_11.mp3,1,1,2,2,3,3,3,2,Some clear moments,Improve volume projection
Informative,0.0185074255724689,0.0428602986481239,0.6337541049784147,1476.6277056498996,1077.8376557924255,3.5328761767425387,2670.624263385229,3875.406154944733,128.31416843780397,0.1237193396357243,-421.1215806770215,52.15328611219056,41.04046670079576,74.93067970577657,19.664937305205427,75.40869365396331,-6.499872257879307,28.375494193241277,6.991122239219489,33.98427789081934,-3.79861221084154,64.15296603100434,64.64078493145573,2346.283575268175,0.5928032845299418,0.3447999061085989,new_i2_12.mp3,new_i2_12.mp3,1,1,2,2,3,2,2,2,Basic message conveyed,Reduce filler words
Informative,0.0165027556347161,0.03820471890509,0.6490982632412398,1537.680479285547,1065.224100790562,3.672481423267375,2757.7343650343623,3569.553358791674,160.95511588371,0.1607430251816761,-409.4753035589706,59.00135587918561,49.05602324456406,32.13006674135694,-11.32947881378164,75.81707930039303,55.83924139456815,43.894938533426185,55.90358455388498,52.41033292731386,43.72315797894869,78.05768001799882,70.33638126360249,1975.997902940596,0.9159051268741548,0.2761914967990452,new_i2_13.mp3,new_i2_13.mp3,1,2,3,2,3,3,2,2,Basic message conveyed,Reduce pauses
Persuasive,0.0349870699913167,0.0338951645359294,0.6446420236162667,1462.5709713011174,1018.0783868179695,4.0117165700207975,4655.106627473284,6765.568203672695,129.62995138928153,0.1119100473243255,-442.7711314623307,-16.299236528450738,39.6269878482053,3.0008837287703045,-7.943311422272119,-12.304679837079084,49.628877587813975,13.987496376806613,52.47667715287615,-13.464365920105765,11.529033783061037,33.949129237533725,59.07231648389636,1582.503003518484,0.8755348258622055,0.3763173297883425,new_p2_14.mp3,new_p2_14.mp3,2,2,2,2,2,3,3,2,Basic message conveyed,More pitch variation
Motivational,0.0233501216805578,0.0315485712643896,0.7480682626683555,1400.047504715177,1027.8209364365084,3.768774722943808,3504.8272840231057,4710.357090921322,166.62949547126266,0.142750546321837,-431.5807214534153,78.40834691992951,56.82734138645182,21.776678216733373,22.13570022770702,53.75823015888915,3.877714576830233,-8.952588686860533,15.462215764077657,8.723899165408174,9.630812045599008,3.360775104990992,-15.79068103636381,1221.4487216800965,1.092633433841619,0.3213327760483035,new_m2_15.mp3,new_m2_15.mp3,1,1,3,3,2,3,1,2,Some clear moments,Improve volume projection
Persuasive,0.0339992236790045,0.0396586253603888,0.567882200462452,1483.5161551569856,1131.8677461343248,4.161312415603987,3503.9505910637185,5085.450703382699,143.3700755624935,0.1030569195805019,-442.33937056234384,-7.966123796500407,-15.3054642852187,18.40906114912496,-16.32680625733864,75.72702629833256,62.62056957939659,60.07696871298751,42.97779229961531,1.6324023036553506,31.826036667639222,39.7274072430341,32.50315008602682,1512.2800415418328,0.8091487545888356,0.3289423609042352,new_p2_16.mp3,new_p2_16.mp3,1,2,2,2,3,3,3,2,Some clear moments,Better articulation
Persuasive,0.0194888114367332,0.0255954403705655,0.6573948845786828,1518.5879869683406,1087.0129311756716,3.5640407861784285,4630.48383336752,5605.787411331522,163.873043131519,0.1129051365369871,-417.1026279202525,53.52126545234528,8.139096057752678,5.264909396088509,-19.4917860181974,49.57142928497501,-15.121641832682691,33.26025194007621,76.21219725920498,-9.05311399455461,69.44799309680674,79.14753351450481,-13.848297376076497,2259.4875229649533,0.8096474122661701,0.3787816463333496,new_p2_17.mp3,new_p2_17.mp3,1,1,3,2,2,2,1,2,Adequate topic choice,Reduce pauses
Persuasive,0.0322898576061469,0.0383477479738425,0.654252062436083,1573.6321608103094,1036.7928298383,3.610138461791768,4247.476845098969,5338.086446767998,128.0200052665036,0.168163713277035,-409.6711779537732,26.547000876998357,67.90714802281316,-19.48548292452852,61.99469174081001,2.8625161524923506,70.87013092693678,-19.88798885198905,35.6181735039757,55.66358037849346,5.868833069790796,-0.6867135412706951,-11.590177553201537,1591.7202918039516,0.8359065873852978,0.2839012628136309,new_p2_18.mp3,new_p2_18.mp3,1,1,2,2,2,3,3,2,Basic message conveyed,More pitch variation
Informative,0.0305969079030228,0.0226745159706739,0.7022055805004056,1508.253315735222,1144.4488005788492,3.73931051622708,4868.244720640845,6084.883707533813,151.6310946566974,0.1570984292532135,-472.8569988493426,27.35738884350885,-14.20795394412017,-12.530558224214598,65.24146591986477,79.0148372750647,47.60522571867544,24.59583070103215,44.75736434019076,39.43958592285453,18.36122604056218,-13.437385542598705,62.15129474074409,1646.2002350864695,0.9912713860142564,0.3003010499626058,new_i2_19.mp3,new_i2_19.mp3,2,1,2,3,3,3,2,2,Adequate topic choice,Reduce pauses
Motivational,0.0204725333256333,0.0449281125039427,0.6352362604471946,1490.277404865935,1024.5435731787504,4.056366684124951,2828.337816023445,4130.550639262343,154.68411128907442,0.1763236653440131,-642.174421563121,53.12700669736856,70.95245109478184,65.73600920924986,76.45204722702086,56.00940784380971,24.229876238091023,11.195199049513043,12.074274043812744,52.4422672614117,54.583701203096425,0.0359143548712665,66.8122813490531,2057.9088482426973,0.8376501718060296,0.3265838952123015,new_m2_20.mp3,new_m2_20.mp3,2,2,3,2,3,3,2,2,Adequate topic choice,More pitch variation
Motivational,0.0290740249855254,0.0322791122601547,0.4307316076322225,1590.7387269210565,1118.9460711846732,4.008930946239159,3655.243226914152,4387.642669441608,181.8719131145611,0.1398327265122426,-498.1733879343322,4.753995560337515,35.8412672583198,2.554014244373544,-3.917453092180992,45.15194668022647,12.592546395207492,39.02639388856225,23.32467489716556,78.4351407402904,-5.041935733243424,26.45985966358101,48.04566263593253,1674.6541006559623,1.084819911122414,0.3566265153512322,new_m3_1.mp3,new_m3_1.mp3,4,3,4,4,4,4,3,3,Adequate volume,More vocal variety
Informative,0.042202447943784,0.0494962747223337,0.4079237650696714,1596.101389451566,1063.6409231943628,4.121022507931264,4439.51183948239,6581.00472052023,189.46650373068587,0.0872416272146341,-516.4394485058888,68.25334858196,-11.749146555957871,62.451404689683386,15.780135092827138,12.209470221933536,77.74663863147858,0.0859089862294162,49.31939408226809,62.14407280098665,-15.881650472072833,47.03854583544123,75.15499743553269,1349.0639600736713,1.0377327816110231,0.3413731964852323,new_i3_2.mp3,new_i3_2.mp3,4,3,4,4,4,2,3,3,Clear articulation,More vocal variety
Persuasive,0.0358259267060214,0.0477265129862729,0.5741938247492171,1642.8173864264857,1154.2246507990728,4.169725096271403,4459.5813835471545,5994.886592458503,182.5930045498605,0.0840754106092472,-609.0001297526256,23.860721648953835,52.48265598740584,39.32786483101788,45.02941858734539,27.927892857628727,41.57420219422429,12.901743781466225,27.01825926966651,54.427906559495554,67.18327789731212,23.36553339563889,-15.63383422926388,1394.007052976163,0.5125166835749229,0.3483915623084796,new_p3_3.mp3,new_p3_3.mp3,3,3,4,4,4,3,3,3,Clear articulation,Better emphasis
Informative,0.0348655369356759,0.0320381622388106,0.4806522722247663,1544.1122249844643,1104.391972526795,4.101789140171121,3364.8374813674072,4412.350518660125,183.61809625107733,0.1787649563736058,-639.9727021468793,66.70314961224486,37.86754085723934,23.86154191895905,52.52576604151365,28.666894142470284,67.34232380816606,70.07018640112585,22.17209268734554,7.682779723505156,39.23503285933622,71.2363345616691,1.066218900566657,1947.5599002761792,0.8789361320555125,0.3579735626898337,new_i3_4.mp3,new_i3_4.mp3,3,4,3,3,4,2,2,3,Adequate volume,Better emphasis
Motivational,0.0285936621774048,0.0359385831230969,0.5942790188083279,1536.195390541898,1161.0700621380454,4.246138928224017,4156.553197520801,5106.651694671798,159.8892429761271,0.1452123245530437,-571.9629858258883,19.90459461371111,65.79862539227058,-19.09695958704497,38.84126333406054,39.87139801001076,19.6659776343562,3.702785710833616,3.4674038261551097,68.37096696607526,24.20243737828575,13.08893629891719,24.877757383140302,2003.2684817512336,0.587453940946851,0.3239320602256485,new_m3_5.mp3,new_m3_5.mp3,4,3,3,4,4,4,2,3,Adequate volume,Better emphasis
Informative,0.0300505556415083,0.0389812686979061,0.4758717179844847,1621.1076315289763,1096.3751668952002,4.266755962649848,3014.6030250919207,3718.7415970713632,181.2716131938012,0.1069749611516989,-635.7282859776712,33.1169528001032,73.66056922949615,-16.065645933149035,-7.78900859899732,25.21990282834353,73.38750175279048,11.61561049767505,30.723480868839246,-15.84271409496079,-5.165679903791114,78.66301229588468,76.51186964360456,1205.9279771212916,1.0710870712539435,0.34669439253786,new_i3_6.mp3,new_i3_6.mp3,4,4,4,4,3,4,3,3,Clear articulation,More vocal variety
Persuasive,0.0300844915979498,0.0430432511659053,0.4685306976241831,1606.4489977652595,1066.3463965348644,4.066357326909639,2734.751789473546,3833.522101294214,155.7416944815757,0.1243750219304571,-432.9644364056237,-2.28502105526141,49.26259522261645,63.81152896481102,74.46142194740233,48.32480282896458,29.717476400842727,41.78472402012139,66.89049844787182,37.060974663882966,-16.961294030316314,73.09486955069778,48.95267510315611,2011.816062932696,0.6294050914386303,0.3490662564279189,new_p3_7.mp3,new_p3_7.mp3,4,4,4,3,4,3,2,3,Clear articulation,Better emphasis
Informative,0.0365437047342349,0.0387143416810492,0.431857489048561,1620.990784538108,1091.3545019703556,4.433219333763823,4696.288903253369,6204.934596282141,189.73347749434515,0.1127033161563238,-483.10165360910383,60.78459419412586,56.22851347766158,59.781364885863454,23.5583314812933,61.78342161750216,-7.979094462939155,34.448909796084955,-19.424133950187844,12.458582990027033,16.646153487139784,19.617269160925535,49.54672066898621,1666.2697215244148,0.7692161735735185,0.2985052957049193,new_i3_8.mp3,new_i3_8.mp3,3,3,3,3,3,2,4,3,Clear articulation,More vocal variety
Motivational,0.0264639184753688,0.0450862148345344,0.5336425597110033,1623.898069201923,1110.2542256940744,4.189892890089615,2772.2958546168284,3450.669876943545,184.53334598287304,0.1326623797268959,-588.4825853005004,27.66954750411592,19.436532381835026,34.941423843045335,54.68757161358226,51.54909070992744,32.12341324853343,62.23934188170581,23.08620915380333,69.67142898401224,-12.87197299448361,75.46600300333074,45.469308143134825,1656.0894107246463,0.6182924759437264,0.327501987533232,new_m3_9.mp3,new_m3_9.mp3,4,4,4,4,3,2,3,3,Adequate volume,Better emphasis
Motivational,0.0347174351837265,0.0364194141930127,0.4569745803923846,1561.4579929852573,1154.3933667182462,4.269580638337628,2804.7152333423687,3518.079982055836,162.45230796624014,0.1481117853964982,-604.6404130760933,32.516338366706016,50.90462617224327,-9.312307690525616,36.73122196289035,5.656278370136377,76.29268752375798,28.35456467199247,60.59925497751581,35.022654215626176,-15.658746714518085,43.31513755940223,75.14033422066571,1921.9341841755972,0.9915133156560744,0.3761047756018089,new_m3_10.mp3,new_m3_10.mp3,4,4,4,4,3,2,3,3,Clear articulation,Better emphasis
